comparison,baseline_model,metric,k,profile_id,pathway,hybrid_value,baseline_value,paired_difference
hybrid_vs_popularity,popularity,precision_at_k,3,P001,data_analyst,1.0,0.666667,0.333333
hybrid_vs_popularity,popularity,precision_at_k,3,P002,ml_engineer,1.0,0.333333,0.666667
hybrid_vs_popularity,popularity,precision_at_k,3,P003,software_developer,1.0,0.0,1.0
hybrid_vs_popularity,popularity,precision_at_k,3,P004,data_analyst,1.0,0.666667,0.333333
hybrid_vs_popularity,popularity,precision_at_k,3,P005,ml_engineer,1.0,0.0,1.0
hybrid_vs_popularity,popularity,precision_at_k,3,P006,software_developer,1.0,0.0,1.0
hybrid_vs_popularity,popularity,precision_at_k,3,P007,data_analyst,1.0,0.666667,0.333333
hybrid_vs_popularity,popularity,precision_at_k,3,P008,data_scientist,1.0,0.666667,0.333333
hybrid_vs_popularity,popularity,precision_at_k,3,P009,data_scientist,1.0,0.333333,0.666667
hybrid_vs_popularity,popularity,precision_at_k,3,P010,data_engineer,0.666667,0.333333,0.333334
hybrid_vs_popularity,popularity,precision_at_k,3,P011,data_engineer,1.0,0.0,1.0
hybrid_vs_popularity,popularity,precision_at_k,5,P001,data_analyst,1.0,0.6,0.4
hybrid_vs_popularity,popularity,precision_at_k,5,P002,ml_engineer,1.0,0.2,0.8
hybrid_vs_popularity,popularity,precision_at_k,5,P003,software_developer,1.0,0.0,1.0
hybrid_vs_popularity,popularity,precision_at_k,5,P004,data_analyst,1.0,0.6,0.4
hybrid_vs_popularity,popularity,precision_at_k,5,P005,ml_engineer,1.0,0.0,1.0
hybrid_vs_popularity,popularity,precision_at_k,5,P006,software_developer,1.0,0.2,0.8
hybrid_vs_popularity,popularity,precision_at_k,5,P007,data_analyst,1.0,0.6,0.4
hybrid_vs_popularity,popularity,precision_at_k,5,P008,data_scientist,1.0,0.6,0.4
hybrid_vs_popularity,popularity,precision_at_k,5,P009,data_scientist,1.0,0.2,0.8
hybrid_vs_popularity,popularity,precision_at_k,5,P010,data_engineer,0.6,0.4,0.2
hybrid_vs_popularity,popularity,precision_at_k,5,P011,data_engineer,0.8,0.0,0.8
hybrid_vs_popularity,popularity,precision_at_k,10,P001,data_analyst,0.9,0.4,0.5
hybrid_vs_popularity,popularity,precision_at_k,10,P002,ml_engineer,1.0,0.2,0.8
hybrid_vs_popularity,popularity,precision_at_k,10,P003,software_developer,1.0,0.1,0.9
hybrid_vs_popularity,popularity,precision_at_k,10,P004,data_analyst,1.0,0.5,0.5
hybrid_vs_popularity,popularity,precision_at_k,10,P005,ml_engineer,1.0,0.0,1.0
hybrid_vs_popularity,popularity,precision_at_k,10,P006,software_developer,1.0,0.2,0.8
hybrid_vs_popularity,popularity,precision_at_k,10,P007,data_analyst,1.0,0.6,0.4
hybrid_vs_popularity,popularity,precision_at_k,10,P008,data_scientist,1.0,0.6,0.4
hybrid_vs_popularity,popularity,precision_at_k,10,P009,data_scientist,1.0,0.4,0.6
hybrid_vs_popularity,popularity,precision_at_k,10,P010,data_engineer,0.6,0.3,0.3
hybrid_vs_popularity,popularity,precision_at_k,10,P011,data_engineer,0.8,0.1,0.7
hybrid_vs_popularity,popularity,recall_at_k,3,P001,data_analyst,0.125,0.083333,0.041667
hybrid_vs_popularity,popularity,recall_at_k,3,P002,ml_engineer,0.142857,0.047619,0.095238
hybrid_vs_popularity,popularity,recall_at_k,3,P003,software_developer,0.125,0.0,0.125
hybrid_vs_popularity,popularity,recall_at_k,3,P004,data_analyst,0.136364,0.090909,0.045455
hybrid_vs_popularity,popularity,recall_at_k,3,P005,ml_engineer,0.1875,0.0,0.1875
hybrid_vs_popularity,popularity,recall_at_k,3,P006,software_developer,0.136364,0.0,0.136364
hybrid_vs_popularity,popularity,recall_at_k,3,P007,data_analyst,0.12,0.08,0.04
hybrid_vs_popularity,popularity,recall_at_k,3,P008,data_scientist,0.115385,0.076923,0.038462
hybrid_vs_popularity,popularity,recall_at_k,3,P009,data_scientist,0.130435,0.043478,0.086957
hybrid_vs_popularity,popularity,recall_at_k,3,P010,data_engineer,0.076923,0.038462,0.038461
hybrid_vs_popularity,popularity,recall_at_k,3,P011,data_engineer,0.103448,0.0,0.103448
hybrid_vs_popularity,popularity,recall_at_k,5,P001,data_analyst,0.208333,0.125,0.083333
hybrid_vs_popularity,popularity,recall_at_k,5,P002,ml_engineer,0.238095,0.047619,0.190476
hybrid_vs_popularity,popularity,recall_at_k,5,P003,software_developer,0.208333,0.0,0.208333
hybrid_vs_popularity,popularity,recall_at_k,5,P004,data_analyst,0.227273,0.136364,0.090909
hybrid_vs_popularity,popularity,recall_at_k,5,P005,ml_engineer,0.3125,0.0,0.3125
hybrid_vs_popularity,popularity,recall_at_k,5,P006,software_developer,0.227273,0.045455,0.181818
hybrid_vs_popularity,popularity,recall_at_k,5,P007,data_analyst,0.2,0.12,0.08
hybrid_vs_popularity,popularity,recall_at_k,5,P008,data_scientist,0.192308,0.115385,0.076923
hybrid_vs_popularity,popularity,recall_at_k,5,P009,data_scientist,0.217391,0.043478,0.173913
hybrid_vs_popularity,popularity,recall_at_k,5,P010,data_engineer,0.115385,0.076923,0.038462
hybrid_vs_popularity,popularity,recall_at_k,5,P011,data_engineer,0.137931,0.0,0.137931
hybrid_vs_popularity,popularity,recall_at_k,10,P001,data_analyst,0.375,0.166667,0.208333
hybrid_vs_popularity,popularity,recall_at_k,10,P002,ml_engineer,0.47619,0.095238,0.380952
hybrid_vs_popularity,popularity,recall_at_k,10,P003,software_developer,0.416667,0.041667,0.375
hybrid_vs_popularity,popularity,recall_at_k,10,P004,data_analyst,0.454545,0.227273,0.227272
hybrid_vs_popularity,popularity,recall_at_k,10,P005,ml_engineer,0.625,0.0,0.625
hybrid_vs_popularity,popularity,recall_at_k,10,P006,software_developer,0.454545,0.090909,0.363636
hybrid_vs_popularity,popularity,recall_at_k,10,P007,data_analyst,0.4,0.24,0.16
hybrid_vs_popularity,popularity,recall_at_k,10,P008,data_scientist,0.384615,0.230769,0.153846
hybrid_vs_popularity,popularity,recall_at_k,10,P009,data_scientist,0.434783,0.173913,0.26087
hybrid_vs_popularity,popularity,recall_at_k,10,P010,data_engineer,0.230769,0.115385,0.115384
hybrid_vs_popularity,popularity,recall_at_k,10,P011,data_engineer,0.275862,0.034483,0.241379
hybrid_vs_popularity,popularity,ndcg_at_k,3,P001,data_analyst,1.0,0.530721,0.469279
hybrid_vs_popularity,popularity,ndcg_at_k,3,P002,ml_engineer,1.0,0.469279,0.530721
hybrid_vs_popularity,popularity,ndcg_at_k,3,P003,software_developer,1.0,0.0,1.0
hybrid_vs_popularity,popularity,ndcg_at_k,3,P004,data_analyst,1.0,0.530721,0.469279
hybrid_vs_popularity,popularity,ndcg_at_k,3,P005,ml_engineer,1.0,0.0,1.0
hybrid_vs_popularity,popularity,ndcg_at_k,3,P006,software_developer,1.0,0.0,1.0
hybrid_vs_popularity,popularity,ndcg_at_k,3,P007,data_analyst,1.0,0.530721,0.469279
hybrid_vs_popularity,popularity,ndcg_at_k,3,P008,data_scientist,1.0,0.765361,0.234639
hybrid_vs_popularity,popularity,ndcg_at_k,3,P009,data_scientist,1.0,0.469279,0.530721
hybrid_vs_popularity,popularity,ndcg_at_k,3,P010,data_engineer,0.703918,0.296082,0.407836
hybrid_vs_popularity,popularity,ndcg_at_k,3,P011,data_engineer,1.0,0.0,1.0
hybrid_vs_popularity,popularity,ndcg_at_k,5,P001,data_analyst,1.0,0.514771,0.485229
hybrid_vs_popularity,popularity,ndcg_at_k,5,P002,ml_engineer,1.0,0.33916,0.66084
hybrid_vs_popularity,popularity,ndcg_at_k,5,P003,software_developer,1.0,0.0,1.0
hybrid_vs_popularity,popularity,ndcg_at_k,5,P004,data_analyst,1.0,0.514771,0.485229
hybrid_vs_popularity,popularity,ndcg_at_k,5,P005,ml_engineer,1.0,0.0,1.0
hybrid_vs_popularity,popularity,ndcg_at_k,5,P006,software_developer,1.0,0.146068,0.853932
hybrid_vs_popularity,popularity,ndcg_at_k,5,P007,data_analyst,1.0,0.514771,0.485229
hybrid_vs_popularity,popularity,ndcg_at_k,5,P008,data_scientist,1.0,0.699215,0.300785
hybrid_vs_popularity,popularity,ndcg_at_k,5,P009,data_scientist,1.0,0.33916,0.66084
hybrid_vs_popularity,popularity,ndcg_at_k,5,P010,data_engineer,0.639945,0.360055,0.27989
hybrid_vs_popularity,popularity,ndcg_at_k,5,P011,data_engineer,0.853932,0.0,0.853932
hybrid_vs_popularity,popularity,ndcg_at_k,10,P001,data_analyst,0.936379,0.403483,0.532896
hybrid_vs_popularity,popularity,ndcg_at_k,10,P002,ml_engineer,1.0,0.293456,0.706544
hybrid_vs_popularity,popularity,ndcg_at_k,10,P003,software_developer,1.0,0.063621,0.936379
hybrid_vs_popularity,popularity,ndcg_at_k,10,P004,data_analyst,1.0,0.469737,0.530263
hybrid_vs_popularity,popularity,ndcg_at_k,10,P005,ml_engineer,1.0,0.0,1.0
hybrid_vs_popularity,popularity,ndcg_at_k,10,P006,software_developer,1.0,0.158409,0.841591
hybrid_vs_popularity,popularity,ndcg_at_k,10,P007,data_analyst,1.0,0.548135,0.451865
hybrid_vs_popularity,popularity,ndcg_at_k,10,P008,data_scientist,1.0,0.674936,0.325064
hybrid_vs_popularity,popularity,ndcg_at_k,10,P009,data_scientist,1.0,0.441285,0.558715
hybrid_vs_popularity,popularity,ndcg_at_k,10,P010,data_engineer,0.630664,0.297272,0.333392
hybrid_vs_popularity,popularity,ndcg_at_k,10,P011,data_engineer,0.83578,0.063621,0.772159
hybrid_vs_content_based,content_based,precision_at_k,3,P001,data_analyst,1.0,0.666667,0.333333
hybrid_vs_content_based,content_based,precision_at_k,3,P002,ml_engineer,1.0,1.0,0.0
hybrid_vs_content_based,content_based,precision_at_k,3,P003,software_developer,1.0,1.0,0.0
hybrid_vs_content_based,content_based,precision_at_k,3,P004,data_analyst,1.0,1.0,0.0
hybrid_vs_content_based,content_based,precision_at_k,3,P005,ml_engineer,1.0,1.0,0.0
hybrid_vs_content_based,content_based,precision_at_k,3,P006,software_developer,1.0,0.666667,0.333333
hybrid_vs_content_based,content_based,precision_at_k,3,P007,data_analyst,1.0,1.0,0.0
hybrid_vs_content_based,content_based,precision_at_k,3,P008,data_scientist,1.0,0.666667,0.333333
hybrid_vs_content_based,content_based,precision_at_k,3,P009,data_scientist,1.0,0.666667,0.333333
hybrid_vs_content_based,content_based,precision_at_k,3,P010,data_engineer,0.666667,0.666667,0.0
hybrid_vs_content_based,content_based,precision_at_k,3,P011,data_engineer,1.0,1.0,0.0
hybrid_vs_content_based,content_based,precision_at_k,5,P001,data_analyst,1.0,0.8,0.2
hybrid_vs_content_based,content_based,precision_at_k,5,P002,ml_engineer,1.0,0.8,0.2
hybrid_vs_content_based,content_based,precision_at_k,5,P003,software_developer,1.0,1.0,0.0
hybrid_vs_content_based,content_based,precision_at_k,5,P004,data_analyst,1.0,1.0,0.0
hybrid_vs_content_based,content_based,precision_at_k,5,P005,ml_engineer,1.0,1.0,0.0
hybrid_vs_content_based,content_based,precision_at_k,5,P006,software_developer,1.0,0.6,0.4
hybrid_vs_content_based,content_based,precision_at_k,5,P007,data_analyst,1.0,1.0,0.0
hybrid_vs_content_based,content_based,precision_at_k,5,P008,data_scientist,1.0,0.4,0.6
hybrid_vs_content_based,content_based,precision_at_k,5,P009,data_scientist,1.0,0.8,0.2
hybrid_vs_content_based,content_based,precision_at_k,5,P010,data_engineer,0.6,0.8,-0.2
hybrid_vs_content_based,content_based,precision_at_k,5,P011,data_engineer,0.8,1.0,-0.2
hybrid_vs_content_based,content_based,precision_at_k,10,P001,data_analyst,0.9,0.8,0.1
hybrid_vs_content_based,content_based,precision_at_k,10,P002,ml_engineer,1.0,0.8,0.2
hybrid_vs_content_based,content_based,precision_at_k,10,P003,software_developer,1.0,0.9,0.1
hybrid_vs_content_based,content_based,precision_at_k,10,P004,data_analyst,1.0,0.9,0.1
hybrid_vs_content_based,content_based,precision_at_k,10,P005,ml_engineer,1.0,0.9,0.1
hybrid_vs_content_based,content_based,precision_at_k,10,P006,software_developer,1.0,0.8,0.2
hybrid_vs_content_based,content_based,precision_at_k,10,P007,data_analyst,1.0,1.0,0.0
hybrid_vs_content_based,content_based,precision_at_k,10,P008,data_scientist,1.0,0.6,0.4
hybrid_vs_content_based,content_based,precision_at_k,10,P009,data_scientist,1.0,0.8,0.2
hybrid_vs_content_based,content_based,precision_at_k,10,P010,data_engineer,0.6,0.8,-0.2
hybrid_vs_content_based,content_based,precision_at_k,10,P011,data_engineer,0.8,0.7,0.1
hybrid_vs_content_based,content_based,recall_at_k,3,P001,data_analyst,0.125,0.083333,0.041667
hybrid_vs_content_based,content_based,recall_at_k,3,P002,ml_engineer,0.142857,0.142857,0.0
hybrid_vs_content_based,content_based,recall_at_k,3,P003,software_developer,0.125,0.125,0.0
hybrid_vs_content_based,content_based,recall_at_k,3,P004,data_analyst,0.136364,0.136364,0.0
hybrid_vs_content_based,content_based,recall_at_k,3,P005,ml_engineer,0.1875,0.1875,0.0
hybrid_vs_content_based,content_based,recall_at_k,3,P006,software_developer,0.136364,0.090909,0.045455
hybrid_vs_content_based,content_based,recall_at_k,3,P007,data_analyst,0.12,0.12,0.0
hybrid_vs_content_based,content_based,recall_at_k,3,P008,data_scientist,0.115385,0.076923,0.038462
hybrid_vs_content_based,content_based,recall_at_k,3,P009,data_scientist,0.130435,0.086957,0.043478
hybrid_vs_content_based,content_based,recall_at_k,3,P010,data_engineer,0.076923,0.076923,0.0
hybrid_vs_content_based,content_based,recall_at_k,3,P011,data_engineer,0.103448,0.103448,0.0
hybrid_vs_content_based,content_based,recall_at_k,5,P001,data_analyst,0.208333,0.166667,0.041666
hybrid_vs_content_based,content_based,recall_at_k,5,P002,ml_engineer,0.238095,0.190476,0.047619
hybrid_vs_content_based,content_based,recall_at_k,5,P003,software_developer,0.208333,0.208333,0.0
hybrid_vs_content_based,content_based,recall_at_k,5,P004,data_analyst,0.227273,0.227273,0.0
hybrid_vs_content_based,content_based,recall_at_k,5,P005,ml_engineer,0.3125,0.3125,0.0
hybrid_vs_content_based,content_based,recall_at_k,5,P006,software_developer,0.227273,0.136364,0.090909
hybrid_vs_content_based,content_based,recall_at_k,5,P007,data_analyst,0.2,0.2,0.0
hybrid_vs_content_based,content_based,recall_at_k,5,P008,data_scientist,0.192308,0.076923,0.115385
hybrid_vs_content_based,content_based,recall_at_k,5,P009,data_scientist,0.217391,0.173913,0.043478
hybrid_vs_content_based,content_based,recall_at_k,5,P010,data_engineer,0.115385,0.153846,-0.038461
hybrid_vs_content_based,content_based,recall_at_k,5,P011,data_engineer,0.137931,0.172414,-0.034483
hybrid_vs_content_based,content_based,recall_at_k,10,P001,data_analyst,0.375,0.333333,0.041667
hybrid_vs_content_based,content_based,recall_at_k,10,P002,ml_engineer,0.47619,0.380952,0.095238
hybrid_vs_content_based,content_based,recall_at_k,10,P003,software_developer,0.416667,0.375,0.041667
hybrid_vs_content_based,content_based,recall_at_k,10,P004,data_analyst,0.454545,0.409091,0.045454
hybrid_vs_content_based,content_based,recall_at_k,10,P005,ml_engineer,0.625,0.5625,0.0625
hybrid_vs_content_based,content_based,recall_at_k,10,P006,software_developer,0.454545,0.363636,0.090909
hybrid_vs_content_based,content_based,recall_at_k,10,P007,data_analyst,0.4,0.4,0.0
hybrid_vs_content_based,content_based,recall_at_k,10,P008,data_scientist,0.384615,0.230769,0.153846
hybrid_vs_content_based,content_based,recall_at_k,10,P009,data_scientist,0.434783,0.347826,0.086957
hybrid_vs_content_based,content_based,recall_at_k,10,P010,data_engineer,0.230769,0.307692,-0.076923
hybrid_vs_content_based,content_based,recall_at_k,10,P011,data_engineer,0.275862,0.241379,0.034483
hybrid_vs_content_based,content_based,ndcg_at_k,3,P001,data_analyst,1.0,0.530721,0.469279
hybrid_vs_content_based,content_based,ndcg_at_k,3,P002,ml_engineer,1.0,1.0,0.0
hybrid_vs_content_based,content_based,ndcg_at_k,3,P003,software_developer,1.0,1.0,0.0
hybrid_vs_content_based,content_based,ndcg_at_k,3,P004,data_analyst,1.0,1.0,0.0
hybrid_vs_content_based,content_based,ndcg_at_k,3,P005,ml_engineer,1.0,1.0,0.0
hybrid_vs_content_based,content_based,ndcg_at_k,3,P006,software_developer,1.0,0.765361,0.234639
hybrid_vs_content_based,content_based,ndcg_at_k,3,P007,data_analyst,1.0,1.0,0.0
hybrid_vs_content_based,content_based,ndcg_at_k,3,P008,data_scientist,1.0,0.765361,0.234639
hybrid_vs_content_based,content_based,ndcg_at_k,3,P009,data_scientist,1.0,0.765361,0.234639
hybrid_vs_content_based,content_based,ndcg_at_k,3,P010,data_engineer,0.703918,0.703918,0.0
hybrid_vs_content_based,content_based,ndcg_at_k,3,P011,data_engineer,1.0,1.0,0.0
hybrid_vs_content_based,content_based,ndcg_at_k,5,P001,data_analyst,1.0,0.66084,0.33916
hybrid_vs_content_based,content_based,ndcg_at_k,5,P002,ml_engineer,1.0,0.868795,0.131205
hybrid_vs_content_based,content_based,ndcg_at_k,5,P003,software_developer,1.0,1.0,0.0
hybrid_vs_content_based,content_based,ndcg_at_k,5,P004,data_analyst,1.0,1.0,0.0
hybrid_vs_content_based,content_based,ndcg_at_k,5,P005,ml_engineer,1.0,1.0,0.0
hybrid_vs_content_based,content_based,ndcg_at_k,5,P006,software_developer,1.0,0.684352,0.315648
hybrid_vs_content_based,content_based,ndcg_at_k,5,P007,data_analyst,1.0,1.0,0.0
hybrid_vs_content_based,content_based,ndcg_at_k,5,P008,data_scientist,1.0,0.553146,0.446854
hybrid_vs_content_based,content_based,ndcg_at_k,5,P009,data_scientist,1.0,0.83042,0.16958
hybrid_vs_content_based,content_based,ndcg_at_k,5,P010,data_engineer,0.639945,0.786014,-0.146069
hybrid_vs_content_based,content_based,ndcg_at_k,5,P011,data_engineer,0.853932,1.0,-0.146068
hybrid_vs_content_based,content_based,ndcg_at_k,10,P001,data_analyst,0.936379,0.716287,0.220092
hybrid_vs_content_based,content_based,ndcg_at_k,10,P002,ml_engineer,1.0,0.845426,0.154574
hybrid_vs_content_based,content_based,ndcg_at_k,10,P003,software_developer,1.0,0.933746,0.066254
hybrid_vs_content_based,content_based,ndcg_at_k,10,P004,data_analyst,1.0,0.926636,0.073364
hybrid_vs_content_based,content_based,ndcg_at_k,10,P005,ml_engineer,1.0,0.936379,0.063621
hybrid_vs_content_based,content_based,ndcg_at_k,10,P006,software_developer,1.0,0.795166,0.204834
hybrid_vs_content_based,content_based,ndcg_at_k,10,P007,data_analyst,1.0,1.0,0.0
hybrid_vs_content_based,content_based,ndcg_at_k,10,P008,data_scientist,1.0,0.646402,0.353598
hybrid_vs_content_based,content_based,ndcg_at_k,10,P009,data_scientist,1.0,0.81659,0.18341
hybrid_vs_content_based,content_based,ndcg_at_k,10,P010,data_engineer,0.630664,0.791706,-0.161042
hybrid_vs_content_based,content_based,ndcg_at_k,10,P011,data_engineer,0.83578,0.78855,0.04723
