model,pathway,k,profile_count,precision_at_k,recall_at_k,ndcg_at_k
hybrid,data_analyst,3,3,1.0,0.1271,1.0
hybrid,data_analyst,5,3,1.0,0.2119,1.0
hybrid,data_analyst,10,3,0.9667,0.4098,0.9788
hybrid,data_engineer,3,2,0.8333,0.0902,0.852
hybrid,data_engineer,5,2,0.7,0.1267,0.7469
hybrid,data_engineer,10,2,0.7,0.2533,0.7332
hybrid,data_scientist,3,2,1.0,0.1229,1.0
hybrid,data_scientist,5,2,1.0,0.2048,1.0
hybrid,data_scientist,10,2,1.0,0.4097,1.0
hybrid,ml_engineer,3,2,1.0,0.1652,1.0
hybrid,ml_engineer,5,2,1.0,0.2753,1.0
hybrid,ml_engineer,10,2,1.0,0.5506,1.0
hybrid,software_developer,3,2,1.0,0.1307,1.0
hybrid,software_developer,5,2,1.0,0.2178,1.0
hybrid,software_developer,10,2,1.0,0.4356,1.0
hybrid_hard_prerequisites,data_analyst,3,3,1.0,0.1271,1.0
hybrid_hard_prerequisites,data_analyst,5,3,1.0,0.2119,1.0
hybrid_hard_prerequisites,data_analyst,10,3,1.0,0.4237,1.0
hybrid_hard_prerequisites,data_engineer,3,2,0.8333,0.0902,0.852
hybrid_hard_prerequisites,data_engineer,5,2,0.7,0.1267,0.7469
hybrid_hard_prerequisites,data_engineer,10,2,0.7,0.2533,0.7332
hybrid_hard_prerequisites,data_scientist,3,2,1.0,0.1229,1.0
hybrid_hard_prerequisites,data_scientist,5,2,1.0,0.2048,1.0
hybrid_hard_prerequisites,data_scientist,10,2,1.0,0.4097,1.0
hybrid_hard_prerequisites,ml_engineer,3,2,1.0,0.1652,1.0
hybrid_hard_prerequisites,ml_engineer,5,2,1.0,0.2753,1.0
hybrid_hard_prerequisites,ml_engineer,10,2,1.0,0.5506,1.0
hybrid_hard_prerequisites,software_developer,3,2,1.0,0.1307,1.0
hybrid_hard_prerequisites,software_developer,5,2,1.0,0.2178,1.0
hybrid_hard_prerequisites,software_developer,10,2,0.95,0.4148,0.9669
