model,profile_id,pathway,k,recommended_count,distinct_provider_count,provider_diversity,distinct_format_count,format_diversity,skill_gap_coverage,intra_list_diversity,difficulty_match_rate,prerequisite_validity_rate
popularity,P001,data_analyst,3,3,1,0.333333,1,0.333333,0.553191,0.833333,1.0,1.0
popularity,P001,data_analyst,5,5,2,0.4,2,0.4,0.765957,0.86,1.0,1.0
popularity,P001,data_analyst,10,10,5,0.5,4,0.4,0.914894,0.83,1.0,0.9
popularity,P002,ml_engineer,3,3,1,0.333333,1,0.333333,0.440678,0.833333,1.0,1.0
popularity,P002,ml_engineer,5,5,2,0.4,2,0.4,0.542373,0.86,1.0,1.0
popularity,P002,ml_engineer,10,10,5,0.5,4,0.4,0.644068,0.83,1.0,0.9
popularity,P003,software_developer,3,3,1,0.333333,1,0.333333,0.255319,0.833333,1.0,0.666667
popularity,P003,software_developer,5,5,2,0.4,2,0.4,0.297872,0.86,1.0,0.8
popularity,P003,software_developer,10,10,5,0.5,4,0.4,0.425532,0.83,1.0,0.5
popularity,P004,data_analyst,3,3,1,0.333333,1,0.333333,0.571429,0.833333,1.0,0.666667
popularity,P004,data_analyst,5,5,2,0.4,2,0.4,0.795918,0.86,1.0,0.8
popularity,P004,data_analyst,10,10,5,0.5,4,0.4,0.918367,0.83,1.0,0.5
popularity,P005,ml_engineer,3,3,1,0.333333,1,0.333333,0.403846,0.833333,0.333333,0.666667
popularity,P005,ml_engineer,5,5,2,0.4,2,0.4,0.519231,0.86,0.2,0.8
popularity,P005,ml_engineer,10,10,5,0.5,4,0.4,0.634615,0.83,0.5,0.7
popularity,P006,software_developer,3,3,1,0.333333,1,0.333333,0.210526,0.833333,1.0,0.666667
popularity,P006,software_developer,5,5,2,0.4,2,0.4,0.280702,0.86,1.0,0.8
popularity,P006,software_developer,10,10,5,0.5,4,0.4,0.438596,0.83,1.0,0.5
popularity,P007,data_analyst,3,3,1,0.333333,1,0.333333,0.54717,0.833333,1.0,0.666667
popularity,P007,data_analyst,5,5,2,0.4,2,0.4,0.754717,0.86,1.0,0.8
popularity,P007,data_analyst,10,10,5,0.5,4,0.4,0.924528,0.83,1.0,0.8
popularity,P008,data_scientist,3,3,1,0.333333,1,0.333333,0.571429,0.833333,1.0,0.666667
popularity,P008,data_scientist,5,5,2,0.4,2,0.4,0.653061,0.86,1.0,0.8
popularity,P008,data_scientist,10,10,5,0.5,4,0.4,0.836735,0.83,1.0,0.8
popularity,P009,data_scientist,3,3,1,0.333333,1,0.333333,0.555556,0.833333,1.0,1.0
popularity,P009,data_scientist,5,5,2,0.4,2,0.4,0.666667,0.86,1.0,1.0
popularity,P009,data_scientist,10,10,5,0.5,4,0.4,0.777778,0.83,1.0,1.0
popularity,P010,data_engineer,3,3,1,0.333333,1,0.333333,0.333333,0.833333,1.0,0.666667
popularity,P010,data_engineer,5,5,2,0.4,2,0.4,0.45098,0.86,1.0,0.8
popularity,P010,data_engineer,10,10,5,0.5,4,0.4,0.588235,0.83,1.0,0.8
popularity,P011,data_engineer,3,3,1,0.333333,1,0.333333,0.30303,0.833333,1.0,0.666667
popularity,P011,data_engineer,5,5,2,0.4,2,0.4,0.424242,0.86,1.0,0.8
popularity,P011,data_engineer,10,10,5,0.5,4,0.4,0.575758,0.83,1.0,0.8
content_based,P001,data_analyst,3,3,2,0.666667,2,0.666667,0.595745,0.588889,1.0,0.333333
content_based,P001,data_analyst,5,5,3,0.6,2,0.4,0.680851,0.675714,1.0,0.4
content_based,P001,data_analyst,10,10,4,0.4,3,0.3,0.680851,0.67164,1.0,0.4
content_based,P002,ml_engineer,3,3,2,0.666667,2,0.666667,0.491525,0.366667,1.0,0.666667
content_based,P002,ml_engineer,5,5,4,0.8,3,0.6,0.491525,0.376667,1.0,0.6
content_based,P002,ml_engineer,10,10,4,0.4,3,0.3,0.491525,0.456667,1.0,0.7
content_based,P003,software_developer,3,3,3,1.0,1,0.333333,0.617021,0.666667,1.0,0.333333
content_based,P003,software_developer,5,5,5,1.0,2,0.4,0.702128,0.6,1.0,0.6
content_based,P003,software_developer,10,10,7,0.7,3,0.3,0.787234,0.611958,1.0,0.6
content_based,P004,data_analyst,3,3,3,1.0,2,0.666667,0.632653,0.622222,1.0,0.0
content_based,P004,data_analyst,5,5,3,0.6,2,0.4,0.632653,0.666667,1.0,0.4
content_based,P004,data_analyst,10,10,3,0.3,3,0.3,0.714286,0.676085,1.0,0.6
content_based,P005,ml_engineer,3,3,2,0.666667,2,0.666667,0.384615,0.333333,1.0,1.0
content_based,P005,ml_engineer,5,5,4,0.8,3,0.6,0.384615,0.376667,1.0,1.0
content_based,P005,ml_engineer,10,10,4,0.4,3,0.3,0.653846,0.526905,1.0,0.9
content_based,P006,software_developer,3,3,3,1.0,1,0.333333,0.508772,0.3,0.666667,0.333333
content_based,P006,software_developer,5,5,5,1.0,1,0.2,0.631579,0.525,0.8,0.4
content_based,P006,software_developer,10,10,7,0.7,3,0.3,0.824561,0.592169,0.9,0.6
content_based,P007,data_analyst,3,3,3,1.0,2,0.666667,0.603774,0.622222,1.0,1.0
content_based,P007,data_analyst,5,5,3,0.6,2,0.4,0.603774,0.666667,1.0,1.0
content_based,P007,data_analyst,10,10,4,0.4,3,0.3,0.811321,0.718836,1.0,0.9
content_based,P008,data_scientist,3,3,3,1.0,1,0.333333,0.673469,0.933333,1.0,0.333333
content_based,P008,data_scientist,5,5,4,0.8,1,0.2,0.714286,0.693333,0.8,0.2
content_based,P008,data_scientist,10,10,5,0.5,2,0.2,0.755102,0.545344,0.8,0.1
content_based,P009,data_scientist,3,3,2,0.666667,1,0.333333,0.5,0.627778,1.0,1.0
content_based,P009,data_scientist,5,5,3,0.6,1,0.2,0.555556,0.566667,1.0,1.0
content_based,P009,data_scientist,10,10,4,0.4,3,0.3,0.777778,0.538748,1.0,1.0
content_based,P010,data_engineer,3,3,3,1.0,1,0.333333,0.627451,0.777778,0.666667,0.666667
content_based,P010,data_engineer,5,5,5,1.0,1,0.2,0.705882,0.720714,0.8,0.6
content_based,P010,data_engineer,10,10,6,0.6,3,0.3,0.803922,0.681058,0.8,0.5
content_based,P011,data_engineer,3,3,3,1.0,2,0.666667,0.484848,0.555556,1.0,0.333333
content_based,P011,data_engineer,5,5,5,1.0,3,0.6,0.575758,0.586667,1.0,0.4
content_based,P011,data_engineer,10,10,6,0.6,4,0.4,0.818182,0.783192,1.0,0.6
hybrid,P001,data_analyst,3,3,2,0.666667,1,0.333333,0.553191,0.566667,1.0,1.0
hybrid,P001,data_analyst,5,5,3,0.6,2,0.4,0.702128,0.66,1.0,1.0
hybrid,P001,data_analyst,10,10,5,0.5,4,0.4,0.702128,0.60254,1.0,0.9
hybrid,P002,ml_engineer,3,3,3,1.0,2,0.666667,0.559322,0.555556,1.0,1.0
hybrid,P002,ml_engineer,5,5,3,0.6,3,0.6,0.59322,0.48,1.0,1.0
hybrid,P002,ml_engineer,10,10,3,0.3,4,0.4,0.59322,0.392222,1.0,1.0
hybrid,P003,software_developer,3,3,3,1.0,3,1.0,0.617021,0.505556,1.0,1.0
hybrid,P003,software_developer,5,5,4,0.8,3,0.6,0.702128,0.469048,1.0,0.6
hybrid,P003,software_developer,10,10,5,0.5,4,0.4,0.702128,0.616825,1.0,0.8
hybrid,P004,data_analyst,3,3,2,0.666667,1,0.333333,0.489796,0.566667,1.0,1.0
hybrid,P004,data_analyst,5,5,2,0.4,2,0.4,0.571429,0.58,1.0,1.0
hybrid,P004,data_analyst,10,10,4,0.4,2,0.2,0.714286,0.61164,1.0,0.9
hybrid,P005,ml_engineer,3,3,2,0.666667,1,0.333333,0.346154,0.133333,1.0,1.0
hybrid,P005,ml_engineer,5,5,3,0.6,2,0.4,0.384615,0.3,1.0,1.0
hybrid,P005,ml_engineer,10,10,5,0.5,4,0.4,0.384615,0.395926,1.0,1.0
hybrid,P006,software_developer,3,3,3,1.0,3,1.0,0.754386,0.822222,1.0,1.0
hybrid,P006,software_developer,5,5,4,0.8,4,0.8,0.754386,0.665,1.0,1.0
hybrid,P006,software_developer,10,10,5,0.5,5,0.5,0.824561,0.713651,1.0,0.7
hybrid,P007,data_analyst,3,3,3,1.0,3,1.0,0.735849,0.538095,1.0,1.0
hybrid,P007,data_analyst,5,5,3,0.6,4,0.8,0.735849,0.561429,1.0,1.0
hybrid,P007,data_analyst,10,10,5,0.5,5,0.5,0.811321,0.641746,1.0,1.0
hybrid,P008,data_scientist,3,3,2,0.666667,2,0.666667,0.632653,0.488889,1.0,0.666667
hybrid,P008,data_scientist,5,5,2,0.4,3,0.6,0.632653,0.493333,1.0,0.4
hybrid,P008,data_scientist,10,10,4,0.4,5,0.5,0.673469,0.550529,1.0,0.5
hybrid,P009,data_scientist,3,3,1,0.333333,2,0.666667,0.5,0.266667,1.0,1.0
hybrid,P009,data_scientist,5,5,2,0.4,3,0.6,0.5,0.35,1.0,1.0
hybrid,P009,data_scientist,10,10,3,0.3,4,0.4,0.555556,0.393333,1.0,1.0
hybrid,P010,data_engineer,3,3,2,0.666667,2,0.666667,0.509804,0.75,1.0,1.0
hybrid,P010,data_engineer,5,5,4,0.8,3,0.6,0.647059,0.785,1.0,1.0
hybrid,P010,data_engineer,10,10,4,0.4,4,0.4,0.784314,0.716561,1.0,0.9
hybrid,P011,data_engineer,3,3,3,1.0,2,0.666667,0.333333,0.266667,1.0,1.0
hybrid,P011,data_engineer,5,5,4,0.8,3,0.6,0.515152,0.652381,1.0,1.0
hybrid,P011,data_engineer,10,10,6,0.6,5,0.5,0.666667,0.709206,1.0,1.0
