audit_item_id,profile_id,resource_id,current_label,selection_reason
A001,P001,R024,1,recommended_relevant
A002,P007,R025,1,recommended_relevant
A003,P001,R026,0,recommended_not_relevant
A004,P007,R028,1,relevant_not_recommended
A005,P004,R029,1,relevant_not_recommended
A006,P004,R009,0,not_relevant_not_recommended
A007,P004,R012,0,not_relevant_not_recommended
A008,P004,R008,0,balanced_fallback
A009,P011,R072,1,recommended_relevant
A010,P011,R057,1,recommended_relevant
A011,P011,R075,0,recommended_not_relevant
A012,P010,R022,0,recommended_not_relevant
A013,P010,R048,1,relevant_not_recommended
A014,P011,R076,1,relevant_not_recommended
A015,P010,R067,0,not_relevant_not_recommended
A016,P011,R017,0,not_relevant_not_recommended
A017,P008,R006,1,recommended_relevant
A018,P009,R093,1,recommended_relevant
A019,P009,R094,1,relevant_not_recommended
A020,P008,R002,1,relevant_not_recommended
A021,P008,R074,0,not_relevant_not_recommended
A022,P008,R052,0,not_relevant_not_recommended
A023,P009,R096,0,balanced_fallback
A024,P009,R052,0,balanced_fallback
A025,P002,R093,1,recommended_relevant
A026,P005,R039,1,recommended_relevant
A027,P002,R010,1,relevant_not_recommended
A028,P005,R043,1,relevant_not_recommended
A029,P005,R092,0,not_relevant_not_recommended
A030,P005,R026,0,not_relevant_not_recommended
A031,P002,R043,1,balanced_fallback
A032,P002,R059,0,balanced_fallback
A033,P003,R095,1,recommended_relevant
A034,P003,R056,1,recommended_relevant
A035,P006,R022,1,relevant_not_recommended
A036,P003,R072,1,relevant_not_recommended
A037,P003,R004,0,not_relevant_not_recommended
A038,P006,R003,0,not_relevant_not_recommended
A039,P003,R029,0,balanced_fallback
A040,P003,R039,0,balanced_fallback
