audit_item_id,pathway,profile_name,target_pathway,current_skills,weak_skills,preferred_difficulty,resource_title,provider,topic,skills,resource_difficulty,format,prerequisites,reviewer_relevance,reviewer_confidence,reviewer_notes
A001,data_analyst,Beginner Data Analyst,data_analyst,data_cleaning:1; data_visualisation:0; excel:2; python:2; sql:0; statistics:1,data_visualisation; sql; statistics,1,Dashboard Design Principles,University Open Course,dashboards,dashboards; data_visualisation,1,course,,,,
A002,data_analyst,Advanced Data Analyst,data_analyst,dashboards:0; data_cleaning:0; data_visualisation:1; python:1; sql:1; statistics:0,dashboards; data_cleaning; statistics,2,Google Data Analytics Foundations,Coursera,data_analytics,data_cleaning; data_visualisation; excel; sql,1,course,,,,
A003,data_analyst,Beginner Data Analyst,data_analyst,data_cleaning:1; data_visualisation:0; excel:2; python:2; sql:0; statistics:1,data_visualisation; sql; statistics,1,IBM Data Analyst Capstone,Coursera,data_analytics,dashboards; data_visualisation; excel; python; sql,2,project,python; sql,,,
A004,data_analyst,Advanced Data Analyst,data_analyst,dashboards:0; data_cleaning:0; data_visualisation:1; python:1; sql:1; statistics:0,dashboards; data_cleaning; statistics,2,Power BI Dashboard Basics,DataCamp,dashboards,dashboards; data_cleaning; data_visualisation,1,course,,,,
A005,data_analyst,Intermediate Data Analyst,data_analyst,dashboards:0; data_visualisation:1; excel:2; python:0; sql:1; statistics:1,dashboards; data_cleaning; python,1,Exploratory Data Analysis in Python,Kaggle Learn,data_analysis,data_cleaning; data_visualisation; python; statistics,2,tutorial,python,,,
A006,data_analyst,Intermediate Data Analyst,data_analyst,dashboards:0; data_visualisation:1; excel:2; python:0; sql:1; statistics:1,dashboards; data_cleaning; python,1,Machine Learning Model Evaluation,DataCamp,model_evaluation,machine_learning; model_evaluation; statistics,2,course,machine_learning,,,
A007,data_analyst,Intermediate Data Analyst,data_analyst,dashboards:0; data_visualisation:1; excel:2; python:0; sql:1; statistics:1,dashboards; data_cleaning; python,1,Git and GitHub Crash Course,freeCodeCamp,version_control,version_control,1,video,,,,
A008,data_analyst,Intermediate Data Analyst,data_analyst,dashboards:0; data_visualisation:1; excel:2; python:0; sql:1; statistics:1,dashboards; data_cleaning; python,1,Applied Machine Learning in Python,Coursera,machine_learning,machine_learning; model_evaluation; python,2,course,python; statistics,,,
A009,data_engineer,Intermediate Data Engineer,data_engineer,apis:1; data_cleaning:2; databases:2; deployment:0; programming:1; python:2; sql:2; version_control:1,apis; deployment; version_control,2,freeCodeCamp Module Database Projects,freeCodeCamp,databases,databases; programming; sql,2,module,programming; sql,,,
A010,data_engineer,Intermediate Data Engineer,data_engineer,apis:1; data_cleaning:2; databases:2; deployment:0; programming:1; python:2; sql:2; version_control:1,apis; deployment; version_control,2,Build a REST API Project,YouTube,apis,apis; databases; programming; testing,2,project,programming,,,
A011,data_engineer,Intermediate Data Engineer,data_engineer,apis:1; data_cleaning:2; databases:2; deployment:0; programming:1; python:2; sql:2; version_control:1,apis; deployment; version_control,2,DataCamp Module Data Analyst Case Study,DataCamp,data_analysis,data_cleaning; data_visualisation; python; sql,2,module,python; sql,,,
A012,data_engineer,Beginner Data Engineer,data_engineer,apis:0; data_cleaning:1; databases:0; deployment:0; python:1; sql:1; version_control:0,apis; data_cleaning; databases; deployment; version_control,1,Python Project Build a CLI App,YouTube,programming,programming; python; version_control,1,project,python,,,
A013,data_engineer,Beginner Data Engineer,data_engineer,apis:0; data_cleaning:1; databases:0; deployment:0; python:1; sql:1; version_control:0,apis; data_cleaning; databases; deployment; version_control,1,Back End Development and APIs,freeCodeCamp,apis,apis; databases; programming; testing,2,career_track,programming,,,
A014,data_engineer,Intermediate Data Engineer,data_engineer,apis:1; data_cleaning:2; databases:2; deployment:0; programming:1; python:2; sql:2; version_control:1,apis; deployment; version_control,2,SQL Tutorial Full Database Course for Beginners,freeCodeCamp,sql,databases; sql,1,youtube,,,,
A015,data_engineer,Beginner Data Engineer,data_engineer,apis:0; data_cleaning:1; databases:0; deployment:0; python:1; sql:1; version_control:0,apis; data_cleaning; databases; deployment; version_control,1,DataCamp Module Model Validation,DataCamp,model_evaluation,machine_learning; model_evaluation; statistics,2,module,machine_learning,,,
A016,data_engineer,Intermediate Data Engineer,data_engineer,apis:1; data_cleaning:2; databases:2; deployment:0; programming:1; python:2; sql:2; version_control:1,apis; deployment; version_control,2,Python for Data Visualisation,DataCamp,data_visualisation,dashboards; data_visualisation; python,2,course,python,,,
A017,data_scientist,Beginner Data Scientist,data_scientist,data_cleaning:1; data_visualisation:1; machine_learning:0; model_evaluation:0; python:1; sql:1; statistics:0,machine_learning; model_evaluation; statistics,1,Pandas Data Cleaning Tutorial,YouTube,data_cleaning,data_cleaning; data_visualisation; python,2,video,python,,,
A018,data_scientist,Intermediate Data Scientist,data_scientist,data_cleaning:2; data_visualisation:1; machine_learning:1; model_evaluation:0; python:2; sql:2; statistics:2,machine_learning; model_evaluation,2,Mini Project Customer Churn Model,Kaggle Learn,project,data_cleaning; machine_learning; model_evaluation; python,2,project,machine_learning; python,,,
A019,data_scientist,Intermediate Data Scientist,data_scientist,data_cleaning:2; data_visualisation:1; machine_learning:1; model_evaluation:0; python:2; sql:2; statistics:2,machine_learning; model_evaluation,2,Mini Project Deploy a Prediction API,Coursera,project,apis; deployment; machine_learning; python,3,project,apis; machine_learning; python,,,
A020,data_scientist,Beginner Data Scientist,data_scientist,data_cleaning:1; data_visualisation:1; machine_learning:0; model_evaluation:0; python:1; sql:1; statistics:0,machine_learning; model_evaluation; statistics,1,Intermediate SQL Queries,DataCamp,sql,data_cleaning; databases; sql,2,course,sql,,,
A021,data_scientist,Beginner Data Scientist,data_scientist,data_cleaning:1; data_visualisation:1; machine_learning:0; model_evaluation:0; python:1; sql:1; statistics:0,machine_learning; model_evaluation; statistics,1,freeCodeCamp Module Object Oriented JavaScript,freeCodeCamp,oop,oop; programming,2,module,programming,,,
A022,data_scientist,Beginner Data Scientist,data_scientist,data_cleaning:1; data_visualisation:1; machine_learning:0; model_evaluation:0; python:1; sql:1; statistics:0,machine_learning; model_evaluation; statistics,1,Unit Testing in Python,University Open Course,testing,programming; python; testing,1,course,python,,,
A023,data_scientist,Intermediate Data Scientist,data_scientist,data_cleaning:2; data_visualisation:1; machine_learning:1; model_evaluation:0; python:2; sql:2; statistics:2,machine_learning; model_evaluation,2,Mini Project Version-Controlled CLI Tool,YouTube,project,programming; python; testing; version_control,1,project,python,,,
A024,data_scientist,Intermediate Data Scientist,data_scientist,data_cleaning:2; data_visualisation:1; machine_learning:1; model_evaluation:0; python:2; sql:2; statistics:2,machine_learning; model_evaluation,2,Unit Testing in Python,University Open Course,testing,programming; python; testing,1,course,python,,,
A025,ml_engineer,Intermediate ML Engineer,ml_engineer,apis:0; deployment:0; machine_learning:1; model_evaluation:0; python:2; statistics:1,deployment; machine_learning; model_evaluation,2,Mini Project Customer Churn Model,Kaggle Learn,project,data_cleaning; machine_learning; model_evaluation; python,2,project,machine_learning; python,,,
A026,ml_engineer,Advanced ML Engineer,ml_engineer,apis:1; deployment:0; machine_learning:2; model_evaluation:1; python:2; version_control:1,deployment; model_evaluation,3,MLOps Fundamentals,DataCamp,deployment,deployment; machine_learning; model_evaluation; python; version_control,3,course,machine_learning; python,,,
A027,ml_engineer,Intermediate ML Engineer,ml_engineer,apis:0; deployment:0; machine_learning:1; model_evaluation:0; python:2; statistics:1,deployment; machine_learning; model_evaluation,2,Deep Learning Fundamentals,edX,machine_learning,machine_learning; python,3,course,machine_learning; python,,,
A028,ml_engineer,Advanced ML Engineer,ml_engineer,apis:1; deployment:0; machine_learning:2; model_evaluation:1; python:2; version_control:1,deployment; model_evaluation,3,Flask for Model Serving,Coursera,deployment,apis; deployment; machine_learning; python,2,course,python,,,
A029,ml_engineer,Advanced ML Engineer,ml_engineer,apis:1; deployment:0; machine_learning:2; model_evaluation:1; python:2; version_control:1,deployment; model_evaluation,3,Mini Project Build an Interactive Dashboard,DataCamp,project,dashboards; data_cleaning; data_visualisation,1,project,data_visualisation,,,
A030,ml_engineer,Advanced ML Engineer,ml_engineer,apis:1; deployment:0; machine_learning:2; model_evaluation:1; python:2; version_control:1,deployment; model_evaluation,3,IBM Data Analyst Capstone,Coursera,data_analytics,dashboards; data_visualisation; excel; python; sql,2,project,python; sql,,,
A031,ml_engineer,Intermediate ML Engineer,ml_engineer,apis:0; deployment:0; machine_learning:1; model_evaluation:0; python:2; statistics:1,deployment; machine_learning; model_evaluation,2,Flask for Model Serving,Coursera,deployment,apis; deployment; machine_learning; python,2,course,python,,,
A032,ml_engineer,Intermediate ML Engineer,ml_engineer,apis:0; deployment:0; machine_learning:1; model_evaluation:0; python:2; statistics:1,deployment; machine_learning; model_evaluation,2,Capstone Software Developer Portfolio,freeCodeCamp,career_path,apis; databases; oop; programming; testing; version_control,3,project,apis; databases; programming,,,
A033,software_developer,Intermediate Software Developer,software_developer,apis:0; databases:1; oop:1; programming:2; testing:0; version_control:1,apis; oop; testing,2,Mini Project Build a Tested REST API,freeCodeCamp,project,apis; databases; programming; testing,2,project,apis; programming,,,
A034,software_developer,Intermediate Software Developer,software_developer,apis:0; databases:1; oop:1; programming:2; testing:0; version_control:1,apis; oop; testing,2,Software Engineering Principles,edX,programming,oop; programming; testing; version_control,2,course,programming,,,
A035,software_developer,Beginner Software Developer,software_developer,apis:0; databases:0; oop:0; programming:1; testing:0; version_control:0,apis; databases; oop; testing; version_control,1,Python Project Build a CLI App,YouTube,programming,programming; python; version_control,1,project,python,,,
A036,software_developer,Intermediate Software Developer,software_developer,apis:0; databases:1; oop:1; programming:2; testing:0; version_control:1,apis; oop; testing,2,freeCodeCamp Module Database Projects,freeCodeCamp,databases,databases; programming; sql,2,module,programming; sql,,,
A037,software_developer,Intermediate Software Developer,software_developer,apis:0; databases:1; oop:1; programming:2; testing:0; version_control:1,apis; oop; testing,2,Data Visualisation with Tableau,edX,data_visualisation,dashboards; data_visualisation,1,course,,,,
A038,software_developer,Beginner Software Developer,software_developer,apis:0; databases:0; oop:0; programming:1; testing:0; version_control:0,apis; databases; oop; testing; version_control,1,Excel Skills for Business,Coursera,excel,dashboards; data_cleaning; excel,1,course,,,,
A039,software_developer,Intermediate Software Developer,software_developer,apis:0; databases:1; oop:1; programming:2; testing:0; version_control:1,apis; oop; testing,2,Exploratory Data Analysis in Python,Kaggle Learn,data_analysis,data_cleaning; data_visualisation; python; statistics,2,tutorial,python,,,
A040,software_developer,Intermediate Software Developer,software_developer,apis:0; databases:1; oop:1; programming:2; testing:0; version_control:1,apis; oop; testing,2,MLOps Fundamentals,DataCamp,deployment,deployment; machine_learning; model_evaluation; python; version_control,3,course,machine_learning; python,,,
