skill_a,skill_b,resource_count,catalogue_percentage
machine_learning,model_evaluation,19,19.8
machine_learning,python,19,19.8
programming,testing,14,14.6
apis,programming,13,13.5
deployment,machine_learning,12,12.5
model_evaluation,python,12,12.5
dashboards,data_visualisation,11,11.5
databases,sql,10,10.4
apis,deployment,9,9.4
databases,programming,9,9.4
deployment,python,9,9.4
apis,databases,8,8.3
data_cleaning,python,8,8.3
programming,python,8,8.3
apis,python,7,7.3
apis,testing,7,7.3
data_cleaning,data_visualisation,7,7.3
data_cleaning,sql,7,7.3
data_visualisation,python,7,7.3
deployment,model_evaluation,7,7.3
machine_learning,statistics,7,7.3
apis,machine_learning,6,6.2
oop,programming,6,6.2
programming,version_control,6,6.2
databases,testing,5,5.2
model_evaluation,statistics,5,5.2
testing,version_control,5,5.2
apis,version_control,4,4.2
dashboards,data_cleaning,4,4.2
data_visualisation,sql,4,4.2
data_visualisation,statistics,4,4.2
oop,testing,4,4.2
python,sql,4,4.2
python,statistics,4,4.2
dashboards,python,3,3.1
data_cleaning,statistics,3,3.1
databases,version_control,3,3.1
python,testing,3,3.1
python,version_control,3,3.1
dashboards,excel,2,2.1
dashboards,sql,2,2.1
data_cleaning,excel,2,2.1
data_cleaning,machine_learning,2,2.1
data_cleaning,model_evaluation,2,2.1
data_visualisation,excel,2,2.1
deployment,version_control,2,2.1
excel,sql,2,2.1
oop,version_control,2,2.1
programming,sql,2,2.1
sql,statistics,2,2.1
apis,model_evaluation,1,1.0
apis,oop,1,1.0
apis,sql,1,1.0
dashboards,statistics,1,1.0
data_cleaning,databases,1,1.0
data_visualisation,machine_learning,1,1.0
databases,oop,1,1.0
databases,python,1,1.0
deployment,programming,1,1.0
excel,python,1,1.0
machine_learning,version_control,1,1.0
model_evaluation,version_control,1,1.0
oop,python,1,1.0
