figure,title,finding,implication
figures/resources_by_pathway.png,Pathway relevance coverage overlaps substantially,"Machine Learning Engineer has 84 resources with positive relevance, while Data Analyst has 55. Counts overlap because one resource may support several pathways.",Pathway-level model results should be interpreted alongside catalogue coverage rather than assuming equal candidate pools.
figures/resources_by_provider.png,The catalogue is concentrated in three providers,DataCamp contributes 24 of 96 resources (25.0%). The top three providers contribute 57 (59.4%).,Later diversity analysis should check whether recommendations amplify this source concentration.
figures/resources_by_format.png,Courses dominate the available formats,Course is the largest format with 41 resources (42.7%).,"Format-diversity results will partly reflect catalogue composition, not only recommender preference."
figures/resources_by_difficulty.png,Advanced resources are the smallest difficulty group,"The catalogue contains 34 beginner, 47 intermediate, and 15 advanced resources.","Advanced learners have a smaller candidate pool, which may constrain difficulty matching."
figures/resource_duration_distribution.png,Most resources are short or medium length,The largest duration band is >2-5 hours with 42 resources (43.8%).,"The catalogue broadly supports the project's targeted next-step approach, while long tracks remain a minority."
figures/resources_by_cost.png,Free and paid resources are nearly balanced,The catalogue contains 47 free and 49 paid resources.,"Cost availability is balanced at catalogue level, although cost is not yet a learner preference in the ranking model."
figures/skill_frequency.png,Skill representation is uneven,"Python appears in 35 resources, while the least represented skill group (Excel) appears in 3.",Low-frequency skills may receive fewer suitable recommendations and need explicit coverage checks.
figures/skill_cooccurrence.png,Some skills are commonly taught together,"The most frequent pair is Machine Learning with Model Evaluation, appearing in 19 resources.",Co-occurrence can help explain multi-skill recommendations but may also make rare standalone skills harder to retrieve.
figures/pathway_skill_coverage.png,Every required pathway skill has catalogue coverage,No required pathway-skill cell has zero matching resources. 1 cell has fewer than three resources.,"The skill map is usable for recommendation, but thin cells should be reviewed during pathway-level error analysis."
figures/profiles_by_pathway.png,Evaluation profiles are almost balanced by pathway,Data Analyst has three profiles; each of the other four pathways has two.,"Macro results are not dominated by a large profile group, but 11 profiles remain too few for strong generalisation."
figures/relevance_by_profile.png,Relevant-set sizes vary across profiles,"Relevant sets range from 16 to 29 resources, with a mean of 23.5.","Recall@K should be interpreted with relevant-set size, and later evaluation should retain profile-level results."
