configuration,removed_component,profile_id,pathway,k,recommended_count,relevant_count,relevant_hits,precision_at_k,recall_at_k,ndcg_at_k
full_hybrid,,P001,data_analyst,3,3,24,3,1.0,0.125,0.798881
full_hybrid,,P001,data_analyst,5,5,24,5,1.0,0.208333,0.854646
full_hybrid,,P001,data_analyst,10,10,24,9,0.9,0.375,0.842054
full_hybrid,,P002,ml_engineer,3,3,21,3,1.0,0.142857,1.0
full_hybrid,,P002,ml_engineer,5,5,21,5,1.0,0.238095,1.0
full_hybrid,,P002,ml_engineer,10,10,21,10,1.0,0.47619,1.0
full_hybrid,,P003,software_developer,3,3,24,3,1.0,0.125,1.0
full_hybrid,,P003,software_developer,5,5,24,5,1.0,0.208333,0.925026
full_hybrid,,P003,software_developer,10,10,24,10,1.0,0.416667,0.951347
full_hybrid,,P004,data_analyst,3,3,22,3,1.0,0.136364,0.597761
full_hybrid,,P004,data_analyst,5,5,22,5,1.0,0.227273,0.709291
full_hybrid,,P004,data_analyst,10,10,22,10,1.0,0.454545,0.81135
full_hybrid,,P005,ml_engineer,3,3,16,3,1.0,0.1875,1.0
full_hybrid,,P005,ml_engineer,5,5,16,5,1.0,0.3125,1.0
full_hybrid,,P005,ml_engineer,10,10,16,10,1.0,0.625,1.0
full_hybrid,,P006,software_developer,3,3,22,3,1.0,0.136364,0.696731
full_hybrid,,P006,software_developer,5,5,22,5,1.0,0.227273,0.622377
full_hybrid,,P006,software_developer,10,10,22,10,1.0,0.454545,0.713026
full_hybrid,,P007,data_analyst,3,3,25,3,1.0,0.12,1.0
full_hybrid,,P007,data_analyst,5,5,25,5,1.0,0.2,1.0
full_hybrid,,P007,data_analyst,10,10,25,10,1.0,0.4,1.0
full_hybrid,,P008,data_scientist,3,3,26,3,1.0,0.115385,1.0
full_hybrid,,P008,data_scientist,5,5,26,5,1.0,0.192308,1.0
full_hybrid,,P008,data_scientist,10,10,26,10,1.0,0.384615,0.945468
full_hybrid,,P009,data_scientist,3,3,23,3,1.0,0.130435,0.83081
full_hybrid,,P009,data_scientist,5,5,23,5,1.0,0.217391,0.877722
full_hybrid,,P009,data_scientist,10,10,23,10,1.0,0.434783,0.863861
full_hybrid,,P010,data_engineer,3,3,26,2,0.666667,0.076923,0.301679
full_hybrid,,P010,data_engineer,5,5,26,3,0.6,0.115385,0.349237
full_hybrid,,P010,data_engineer,10,10,26,6,0.6,0.230769,0.37913
full_hybrid,,P011,data_engineer,3,3,29,3,1.0,0.103448,0.731841
full_hybrid,,P011,data_engineer,5,5,29,4,0.8,0.137931,0.547664
full_hybrid,,P011,data_engineer,10,10,29,8,0.8,0.275862,0.492733
without_career_relevance,career_relevance,P001,data_analyst,3,3,24,3,1.0,0.125,0.798881
without_career_relevance,career_relevance,P001,data_analyst,5,5,24,5,1.0,0.208333,0.854646
without_career_relevance,career_relevance,P001,data_analyst,10,10,24,9,0.9,0.375,0.839421
without_career_relevance,career_relevance,P002,ml_engineer,3,3,21,2,0.666667,0.095238,0.703918
without_career_relevance,career_relevance,P002,ml_engineer,5,5,21,4,0.8,0.190476,0.786014
without_career_relevance,career_relevance,P002,ml_engineer,10,10,21,7,0.7,0.333333,0.716485
without_career_relevance,career_relevance,P003,software_developer,3,3,24,3,1.0,0.125,1.0
without_career_relevance,career_relevance,P003,software_developer,5,5,24,4,0.8,0.166667,0.868795
without_career_relevance,career_relevance,P003,software_developer,10,10,24,9,0.9,0.375,0.870058
without_career_relevance,career_relevance,P004,data_analyst,3,3,22,3,1.0,0.136364,0.597761
without_career_relevance,career_relevance,P004,data_analyst,5,5,22,5,1.0,0.227273,0.709291
without_career_relevance,career_relevance,P004,data_analyst,10,10,22,9,0.9,0.409091,0.737986
without_career_relevance,career_relevance,P005,ml_engineer,3,3,16,3,1.0,0.1875,1.0
without_career_relevance,career_relevance,P005,ml_engineer,5,5,16,5,1.0,0.3125,1.0
without_career_relevance,career_relevance,P005,ml_engineer,10,10,16,9,0.9,0.5625,0.936379
without_career_relevance,career_relevance,P006,software_developer,3,3,22,3,1.0,0.136364,0.696731
without_career_relevance,career_relevance,P006,software_developer,5,5,22,5,1.0,0.227273,0.622377
without_career_relevance,career_relevance,P006,software_developer,10,10,22,9,0.9,0.409091,0.60405
without_career_relevance,career_relevance,P007,data_analyst,3,3,25,3,1.0,0.12,1.0
without_career_relevance,career_relevance,P007,data_analyst,5,5,25,5,1.0,0.2,1.0
without_career_relevance,career_relevance,P007,data_analyst,10,10,25,9,0.9,0.36,0.936379
without_career_relevance,career_relevance,P008,data_scientist,3,3,26,2,0.666667,0.076923,0.497201
without_career_relevance,career_relevance,P008,data_scientist,5,5,26,4,0.8,0.153846,0.636614
without_career_relevance,career_relevance,P008,data_scientist,10,10,26,8,0.8,0.307692,0.643777
without_career_relevance,career_relevance,P009,data_scientist,3,3,23,3,1.0,0.130435,0.83081
without_career_relevance,career_relevance,P009,data_scientist,5,5,23,5,1.0,0.217391,0.877722
without_career_relevance,career_relevance,P009,data_scientist,10,10,23,10,1.0,0.434783,0.863861
without_career_relevance,career_relevance,P010,data_engineer,3,3,26,2,0.666667,0.076923,0.243417
without_career_relevance,career_relevance,P010,data_engineer,5,5,26,3,0.6,0.115385,0.307129
without_career_relevance,career_relevance,P010,data_engineer,10,10,26,6,0.6,0.230769,0.351566
without_career_relevance,career_relevance,P011,data_engineer,3,3,29,3,1.0,0.103448,0.746216
without_career_relevance,career_relevance,P011,data_engineer,5,5,29,5,1.0,0.172414,0.733116
without_career_relevance,career_relevance,P011,data_engineer,10,10,29,9,0.9,0.310345,0.689294
without_skill_gap_match,skill_gap_match,P001,data_analyst,3,3,24,3,1.0,0.125,0.746216
without_skill_gap_match,skill_gap_match,P001,data_analyst,5,5,24,5,1.0,0.208333,0.816583
without_skill_gap_match,skill_gap_match,P001,data_analyst,10,10,24,10,1.0,0.416667,0.826443
without_skill_gap_match,skill_gap_match,P002,ml_engineer,3,3,21,3,1.0,0.142857,1.0
without_skill_gap_match,skill_gap_match,P002,ml_engineer,5,5,21,5,1.0,0.238095,1.0
without_skill_gap_match,skill_gap_match,P002,ml_engineer,10,10,21,10,1.0,0.47619,1.0
without_skill_gap_match,skill_gap_match,P003,software_developer,3,3,24,3,1.0,0.125,1.0
without_skill_gap_match,skill_gap_match,P003,software_developer,5,5,24,5,1.0,0.208333,1.0
without_skill_gap_match,skill_gap_match,P003,software_developer,10,10,24,10,1.0,0.416667,0.925786
without_skill_gap_match,skill_gap_match,P004,data_analyst,3,3,22,3,1.0,0.136364,0.597761
without_skill_gap_match,skill_gap_match,P004,data_analyst,5,5,22,5,1.0,0.227273,0.709291
without_skill_gap_match,skill_gap_match,P004,data_analyst,10,10,22,10,1.0,0.454545,0.81135
without_skill_gap_match,skill_gap_match,P005,ml_engineer,3,3,16,3,1.0,0.1875,1.0
without_skill_gap_match,skill_gap_match,P005,ml_engineer,5,5,16,5,1.0,0.3125,1.0
without_skill_gap_match,skill_gap_match,P005,ml_engineer,10,10,16,10,1.0,0.625,1.0
without_skill_gap_match,skill_gap_match,P006,software_developer,3,3,22,3,1.0,0.136364,0.562651
without_skill_gap_match,skill_gap_match,P006,software_developer,5,5,22,5,1.0,0.227273,0.683916
without_skill_gap_match,skill_gap_match,P006,software_developer,10,10,22,10,1.0,0.454545,0.708162
without_skill_gap_match,skill_gap_match,P007,data_analyst,3,3,25,3,1.0,0.12,1.0
without_skill_gap_match,skill_gap_match,P007,data_analyst,5,5,25,5,1.0,0.2,1.0
without_skill_gap_match,skill_gap_match,P007,data_analyst,10,10,25,10,1.0,0.4,0.960325
without_skill_gap_match,skill_gap_match,P008,data_scientist,3,3,26,3,1.0,0.115385,0.798881
without_skill_gap_match,skill_gap_match,P008,data_scientist,5,5,26,5,1.0,0.192308,0.854646
without_skill_gap_match,skill_gap_match,P008,data_scientist,10,10,26,10,1.0,0.384615,0.783944
without_skill_gap_match,skill_gap_match,P009,data_scientist,3,3,23,3,1.0,0.130435,0.463681
without_skill_gap_match,skill_gap_match,P009,data_scientist,5,5,23,4,0.8,0.173913,0.481183
without_skill_gap_match,skill_gap_match,P009,data_scientist,10,10,23,9,0.9,0.391304,0.663323
without_skill_gap_match,skill_gap_match,P010,data_engineer,3,3,26,2,0.666667,0.076923,0.109337
without_skill_gap_match,skill_gap_match,P010,data_engineer,5,5,26,3,0.6,0.115385,0.225089
without_skill_gap_match,skill_gap_match,P010,data_engineer,10,10,26,7,0.7,0.269231,0.384097
without_skill_gap_match,skill_gap_match,P011,data_engineer,3,3,29,3,1.0,0.103448,0.343977
without_skill_gap_match,skill_gap_match,P011,data_engineer,5,5,29,5,1.0,0.172414,0.413413
without_skill_gap_match,skill_gap_match,P011,data_engineer,10,10,29,8,0.8,0.275862,0.374644
without_job_skill_alignment,job_skill_alignment,P001,data_analyst,3,3,24,3,1.0,0.125,0.798881
without_job_skill_alignment,job_skill_alignment,P001,data_analyst,5,5,24,5,1.0,0.208333,0.854646
without_job_skill_alignment,job_skill_alignment,P001,data_analyst,10,10,24,10,1.0,0.416667,0.905675
without_job_skill_alignment,job_skill_alignment,P002,ml_engineer,3,3,21,3,1.0,0.142857,1.0
without_job_skill_alignment,job_skill_alignment,P002,ml_engineer,5,5,21,5,1.0,0.238095,1.0
without_job_skill_alignment,job_skill_alignment,P002,ml_engineer,10,10,21,10,1.0,0.47619,1.0
without_job_skill_alignment,job_skill_alignment,P003,software_developer,3,3,24,3,1.0,0.125,1.0
without_job_skill_alignment,job_skill_alignment,P003,software_developer,5,5,24,5,1.0,0.208333,1.0
without_job_skill_alignment,job_skill_alignment,P003,software_developer,10,10,24,10,1.0,0.416667,0.96214
without_job_skill_alignment,job_skill_alignment,P004,data_analyst,3,3,22,3,1.0,0.136364,0.597761
without_job_skill_alignment,job_skill_alignment,P004,data_analyst,5,5,22,5,1.0,0.227273,0.709291
without_job_skill_alignment,job_skill_alignment,P004,data_analyst,10,10,22,10,1.0,0.454545,0.81135
without_job_skill_alignment,job_skill_alignment,P005,ml_engineer,3,3,16,3,1.0,0.1875,1.0
without_job_skill_alignment,job_skill_alignment,P005,ml_engineer,5,5,16,5,1.0,0.3125,1.0
without_job_skill_alignment,job_skill_alignment,P005,ml_engineer,10,10,16,10,1.0,0.625,1.0
without_job_skill_alignment,job_skill_alignment,P006,software_developer,3,3,22,3,1.0,0.136364,0.696731
without_job_skill_alignment,job_skill_alignment,P006,software_developer,5,5,22,5,1.0,0.227273,0.622377
without_job_skill_alignment,job_skill_alignment,P006,software_developer,10,10,22,10,1.0,0.454545,0.754949
without_job_skill_alignment,job_skill_alignment,P007,data_analyst,3,3,25,3,1.0,0.12,1.0
without_job_skill_alignment,job_skill_alignment,P007,data_analyst,5,5,25,5,1.0,0.2,1.0
without_job_skill_alignment,job_skill_alignment,P007,data_analyst,10,10,25,10,1.0,0.4,1.0
without_job_skill_alignment,job_skill_alignment,P008,data_scientist,3,3,26,3,1.0,0.115385,0.798881
without_job_skill_alignment,job_skill_alignment,P008,data_scientist,5,5,26,5,1.0,0.192308,0.854646
without_job_skill_alignment,job_skill_alignment,P008,data_scientist,10,10,26,10,1.0,0.384615,0.838476
without_job_skill_alignment,job_skill_alignment,P009,data_scientist,3,3,23,3,1.0,0.130435,0.83081
without_job_skill_alignment,job_skill_alignment,P009,data_scientist,5,5,23,5,1.0,0.217391,0.877722
without_job_skill_alignment,job_skill_alignment,P009,data_scientist,10,10,23,10,1.0,0.434783,0.92065
without_job_skill_alignment,job_skill_alignment,P010,data_engineer,3,3,26,2,0.666667,0.076923,0.363122
without_job_skill_alignment,job_skill_alignment,P010,data_engineer,5,5,26,4,0.8,0.153846,0.42725
without_job_skill_alignment,job_skill_alignment,P010,data_engineer,10,10,26,6,0.6,0.230769,0.373953
without_job_skill_alignment,job_skill_alignment,P011,data_engineer,3,3,29,3,1.0,0.103448,0.83081
without_job_skill_alignment,job_skill_alignment,P011,data_engineer,5,5,29,4,0.8,0.137931,0.619192
without_job_skill_alignment,job_skill_alignment,P011,data_engineer,10,10,29,7,0.7,0.241379,0.472537
without_difficulty_match,difficulty_match,P001,data_analyst,3,3,24,2,0.666667,0.083333,0.765361
without_difficulty_match,difficulty_match,P001,data_analyst,5,5,24,4,0.8,0.166667,0.83042
without_difficulty_match,difficulty_match,P001,data_analyst,10,10,24,9,0.9,0.375,0.827071
without_difficulty_match,difficulty_match,P002,ml_engineer,3,3,21,3,1.0,0.142857,1.0
without_difficulty_match,difficulty_match,P002,ml_engineer,5,5,21,5,1.0,0.238095,1.0
without_difficulty_match,difficulty_match,P002,ml_engineer,10,10,21,9,0.9,0.428571,0.873496
without_difficulty_match,difficulty_match,P003,software_developer,3,3,24,3,1.0,0.125,1.0
without_difficulty_match,difficulty_match,P003,software_developer,5,5,24,5,1.0,0.208333,1.0
without_difficulty_match,difficulty_match,P003,software_developer,10,10,24,9,0.9,0.375,0.89158
without_difficulty_match,difficulty_match,P004,data_analyst,3,3,22,3,1.0,0.136364,0.597761
without_difficulty_match,difficulty_match,P004,data_analyst,5,5,22,5,1.0,0.227273,0.709291
without_difficulty_match,difficulty_match,P004,data_analyst,10,10,22,9,0.9,0.409091,0.701631
without_difficulty_match,difficulty_match,P005,ml_engineer,3,3,16,3,1.0,0.1875,1.0
without_difficulty_match,difficulty_match,P005,ml_engineer,5,5,16,5,1.0,0.3125,1.0
without_difficulty_match,difficulty_match,P005,ml_engineer,10,10,16,10,1.0,0.625,0.937117
without_difficulty_match,difficulty_match,P006,software_developer,3,3,22,3,1.0,0.136364,0.696731
without_difficulty_match,difficulty_match,P006,software_developer,5,5,22,5,1.0,0.227273,0.705845
without_difficulty_match,difficulty_match,P006,software_developer,10,10,22,10,1.0,0.454545,0.731579
without_difficulty_match,difficulty_match,P007,data_analyst,3,3,25,3,1.0,0.12,1.0
without_difficulty_match,difficulty_match,P007,data_analyst,5,5,25,5,1.0,0.2,1.0
without_difficulty_match,difficulty_match,P007,data_analyst,10,10,25,10,1.0,0.4,1.0
without_difficulty_match,difficulty_match,P008,data_scientist,3,3,26,3,1.0,0.115385,1.0
without_difficulty_match,difficulty_match,P008,data_scientist,5,5,26,5,1.0,0.192308,1.0
without_difficulty_match,difficulty_match,P008,data_scientist,10,10,26,9,0.9,0.346154,0.926636
without_difficulty_match,difficulty_match,P009,data_scientist,3,3,23,3,1.0,0.130435,0.83081
without_difficulty_match,difficulty_match,P009,data_scientist,5,5,23,5,1.0,0.217391,0.877722
without_difficulty_match,difficulty_match,P009,data_scientist,10,10,23,10,1.0,0.434783,0.92065
without_difficulty_match,difficulty_match,P010,data_engineer,3,3,26,2,0.666667,0.076923,0.703918
without_difficulty_match,difficulty_match,P010,data_engineer,5,5,26,4,0.8,0.153846,0.673552
without_difficulty_match,difficulty_match,P010,data_engineer,10,10,26,7,0.7,0.269231,0.640328
without_difficulty_match,difficulty_match,P011,data_engineer,3,3,29,3,1.0,0.103448,0.731841
without_difficulty_match,difficulty_match,P011,data_engineer,5,5,29,4,0.8,0.137931,0.549788
without_difficulty_match,difficulty_match,P011,data_engineer,10,10,29,8,0.8,0.275862,0.433043
without_prerequisite_match,prerequisite_match,P001,data_analyst,3,3,24,2,0.666667,0.083333,0.703918
without_prerequisite_match,prerequisite_match,P001,data_analyst,5,5,24,4,0.8,0.166667,0.702546
without_prerequisite_match,prerequisite_match,P001,data_analyst,10,10,24,9,0.9,0.375,0.744089
without_prerequisite_match,prerequisite_match,P002,ml_engineer,3,3,21,3,1.0,0.142857,1.0
without_prerequisite_match,prerequisite_match,P002,ml_engineer,5,5,21,5,1.0,0.238095,1.0
without_prerequisite_match,prerequisite_match,P002,ml_engineer,10,10,21,10,1.0,0.47619,1.0
without_prerequisite_match,prerequisite_match,P003,software_developer,3,3,24,3,1.0,0.125,1.0
without_prerequisite_match,prerequisite_match,P003,software_developer,5,5,24,5,1.0,0.208333,0.925026
without_prerequisite_match,prerequisite_match,P003,software_developer,10,10,24,9,0.9,0.375,0.84317
without_prerequisite_match,prerequisite_match,P004,data_analyst,3,3,22,3,1.0,0.136364,0.597761
without_prerequisite_match,prerequisite_match,P004,data_analyst,5,5,22,5,1.0,0.227273,0.709291
without_prerequisite_match,prerequisite_match,P004,data_analyst,10,10,22,10,1.0,0.454545,0.744151
without_prerequisite_match,prerequisite_match,P005,ml_engineer,3,3,16,3,1.0,0.1875,1.0
without_prerequisite_match,prerequisite_match,P005,ml_engineer,5,5,16,5,1.0,0.3125,1.0
without_prerequisite_match,prerequisite_match,P005,ml_engineer,10,10,16,10,1.0,0.625,1.0
without_prerequisite_match,prerequisite_match,P006,software_developer,3,3,22,3,1.0,0.136364,1.0
without_prerequisite_match,prerequisite_match,P006,software_developer,5,5,22,5,1.0,0.227273,0.916532
without_prerequisite_match,prerequisite_match,P006,software_developer,10,10,22,10,1.0,0.454545,0.903913
without_prerequisite_match,prerequisite_match,P007,data_analyst,3,3,25,3,1.0,0.12,1.0
without_prerequisite_match,prerequisite_match,P007,data_analyst,5,5,25,5,1.0,0.2,1.0
without_prerequisite_match,prerequisite_match,P007,data_analyst,10,10,25,10,1.0,0.4,1.0
without_prerequisite_match,prerequisite_match,P008,data_scientist,3,3,26,3,1.0,0.115385,1.0
without_prerequisite_match,prerequisite_match,P008,data_scientist,5,5,26,5,1.0,0.192308,0.887539
without_prerequisite_match,prerequisite_match,P008,data_scientist,10,10,26,9,0.9,0.346154,0.736688
without_prerequisite_match,prerequisite_match,P009,data_scientist,3,3,23,3,1.0,0.130435,0.83081
without_prerequisite_match,prerequisite_match,P009,data_scientist,5,5,23,5,1.0,0.217391,0.877722
without_prerequisite_match,prerequisite_match,P009,data_scientist,10,10,23,10,1.0,0.434783,0.863861
without_prerequisite_match,prerequisite_match,P010,data_engineer,3,3,26,2,0.666667,0.076923,0.511576
without_prerequisite_match,prerequisite_match,P010,data_engineer,5,5,26,3,0.6,0.115385,0.515798
without_prerequisite_match,prerequisite_match,P010,data_engineer,10,10,26,7,0.7,0.269231,0.524793
without_prerequisite_match,prerequisite_match,P011,data_engineer,3,3,29,3,1.0,0.103448,0.731841
without_prerequisite_match,prerequisite_match,P011,data_engineer,5,5,29,4,0.8,0.137931,0.547664
without_prerequisite_match,prerequisite_match,P011,data_engineer,10,10,29,8,0.8,0.275862,0.490861
without_resource_quality,resource_quality,P001,data_analyst,3,3,24,3,1.0,0.125,0.798881
without_resource_quality,resource_quality,P001,data_analyst,5,5,24,5,1.0,0.208333,0.854646
without_resource_quality,resource_quality,P001,data_analyst,10,10,24,9,0.9,0.375,0.842054
without_resource_quality,resource_quality,P002,ml_engineer,3,3,21,3,1.0,0.142857,1.0
without_resource_quality,resource_quality,P002,ml_engineer,5,5,21,5,1.0,0.238095,1.0
without_resource_quality,resource_quality,P002,ml_engineer,10,10,21,10,1.0,0.47619,1.0
without_resource_quality,resource_quality,P003,software_developer,3,3,24,3,1.0,0.125,1.0
without_resource_quality,resource_quality,P003,software_developer,5,5,24,5,1.0,0.208333,0.925026
without_resource_quality,resource_quality,P003,software_developer,10,10,24,10,1.0,0.416667,0.951347
without_resource_quality,resource_quality,P004,data_analyst,3,3,22,3,1.0,0.136364,0.597761
without_resource_quality,resource_quality,P004,data_analyst,5,5,22,5,1.0,0.227273,0.709291
without_resource_quality,resource_quality,P004,data_analyst,10,10,22,10,1.0,0.454545,0.81135
without_resource_quality,resource_quality,P005,ml_engineer,3,3,16,3,1.0,0.1875,1.0
without_resource_quality,resource_quality,P005,ml_engineer,5,5,16,5,1.0,0.3125,1.0
without_resource_quality,resource_quality,P005,ml_engineer,10,10,16,10,1.0,0.625,1.0
without_resource_quality,resource_quality,P006,software_developer,3,3,22,3,1.0,0.136364,0.696731
without_resource_quality,resource_quality,P006,software_developer,5,5,22,5,1.0,0.227273,0.622377
without_resource_quality,resource_quality,P006,software_developer,10,10,22,10,1.0,0.454545,0.713026
without_resource_quality,resource_quality,P007,data_analyst,3,3,25,3,1.0,0.12,1.0
without_resource_quality,resource_quality,P007,data_analyst,5,5,25,5,1.0,0.2,1.0
without_resource_quality,resource_quality,P007,data_analyst,10,10,25,10,1.0,0.4,1.0
without_resource_quality,resource_quality,P008,data_scientist,3,3,26,3,1.0,0.115385,1.0
without_resource_quality,resource_quality,P008,data_scientist,5,5,26,5,1.0,0.192308,1.0
without_resource_quality,resource_quality,P008,data_scientist,10,10,26,9,0.9,0.346154,0.933746
without_resource_quality,resource_quality,P009,data_scientist,3,3,23,3,1.0,0.130435,0.731841
without_resource_quality,resource_quality,P009,data_scientist,5,5,23,5,1.0,0.217391,0.806194
without_resource_quality,resource_quality,P009,data_scientist,10,10,23,10,1.0,0.434783,0.817444
without_resource_quality,resource_quality,P010,data_engineer,3,3,26,2,0.666667,0.076923,0.301679
without_resource_quality,resource_quality,P010,data_engineer,5,5,26,3,0.6,0.115385,0.3641
without_resource_quality,resource_quality,P010,data_engineer,10,10,26,6,0.6,0.230769,0.383179
without_resource_quality,resource_quality,P011,data_engineer,3,3,29,3,1.0,0.103448,0.731841
without_resource_quality,resource_quality,P011,data_engineer,5,5,29,4,0.8,0.137931,0.547664
without_resource_quality,resource_quality,P011,data_engineer,10,10,29,8,0.8,0.275862,0.494537
without_content_similarity,content_similarity,P001,data_analyst,3,3,24,3,1.0,0.125,0.798881
without_content_similarity,content_similarity,P001,data_analyst,5,5,24,5,1.0,0.208333,0.854646
without_content_similarity,content_similarity,P001,data_analyst,10,10,24,10,1.0,0.416667,0.905675
without_content_similarity,content_similarity,P002,ml_engineer,3,3,21,3,1.0,0.142857,1.0
without_content_similarity,content_similarity,P002,ml_engineer,5,5,21,5,1.0,0.238095,1.0
without_content_similarity,content_similarity,P002,ml_engineer,10,10,21,10,1.0,0.47619,1.0
without_content_similarity,content_similarity,P003,software_developer,3,3,24,3,1.0,0.125,1.0
without_content_similarity,content_similarity,P003,software_developer,5,5,24,5,1.0,0.208333,0.925026
without_content_similarity,content_similarity,P003,software_developer,10,10,24,10,1.0,0.416667,0.951347
without_content_similarity,content_similarity,P004,data_analyst,3,3,22,3,1.0,0.136364,0.597761
without_content_similarity,content_similarity,P004,data_analyst,5,5,22,5,1.0,0.227273,0.709291
without_content_similarity,content_similarity,P004,data_analyst,10,10,22,10,1.0,0.454545,0.81135
without_content_similarity,content_similarity,P005,ml_engineer,3,3,16,3,1.0,0.1875,1.0
without_content_similarity,content_similarity,P005,ml_engineer,5,5,16,5,1.0,0.3125,1.0
without_content_similarity,content_similarity,P005,ml_engineer,10,10,16,10,1.0,0.625,1.0
without_content_similarity,content_similarity,P006,software_developer,3,3,22,3,1.0,0.136364,0.696731
without_content_similarity,content_similarity,P006,software_developer,5,5,22,5,1.0,0.227273,0.622377
without_content_similarity,content_similarity,P006,software_developer,10,10,22,10,1.0,0.454545,0.715274
without_content_similarity,content_similarity,P007,data_analyst,3,3,25,3,1.0,0.12,1.0
without_content_similarity,content_similarity,P007,data_analyst,5,5,25,5,1.0,0.2,1.0
without_content_similarity,content_similarity,P007,data_analyst,10,10,25,10,1.0,0.4,1.0
without_content_similarity,content_similarity,P008,data_scientist,3,3,26,3,1.0,0.115385,1.0
without_content_similarity,content_similarity,P008,data_scientist,5,5,26,5,1.0,0.192308,1.0
without_content_similarity,content_similarity,P008,data_scientist,10,10,26,10,1.0,0.384615,0.943211
without_content_similarity,content_similarity,P009,data_scientist,3,3,23,3,1.0,0.130435,0.83081
without_content_similarity,content_similarity,P009,data_scientist,5,5,23,5,1.0,0.217391,0.877722
without_content_similarity,content_similarity,P009,data_scientist,10,10,23,10,1.0,0.434783,0.863861
without_content_similarity,content_similarity,P010,data_engineer,3,3,26,1,0.333333,0.038462,0.06704
without_content_similarity,content_similarity,P010,data_engineer,5,5,26,3,0.6,0.115385,0.325725
without_content_similarity,content_similarity,P010,data_engineer,10,10,26,6,0.6,0.230769,0.354906
without_content_similarity,content_similarity,P011,data_engineer,3,3,29,3,1.0,0.103448,0.731841
without_content_similarity,content_similarity,P011,data_engineer,5,5,29,4,0.8,0.137931,0.547664
without_content_similarity,content_similarity,P011,data_engineer,10,10,29,8,0.8,0.275862,0.492733
without_scope_penalty,scope_penalty,P001,data_analyst,3,3,24,2,0.666667,0.083333,0.765361
without_scope_penalty,scope_penalty,P001,data_analyst,5,5,24,4,0.8,0.166667,0.705218
without_scope_penalty,scope_penalty,P001,data_analyst,10,10,24,9,0.9,0.375,0.808707
without_scope_penalty,scope_penalty,P002,ml_engineer,3,3,21,3,1.0,0.142857,1.0
without_scope_penalty,scope_penalty,P002,ml_engineer,5,5,21,5,1.0,0.238095,1.0
without_scope_penalty,scope_penalty,P002,ml_engineer,10,10,21,9,0.9,0.428571,0.926636
without_scope_penalty,scope_penalty,P003,software_developer,3,3,24,3,1.0,0.125,1.0
without_scope_penalty,scope_penalty,P003,software_developer,5,5,24,5,1.0,0.208333,0.925026
without_scope_penalty,scope_penalty,P003,software_developer,10,10,24,10,1.0,0.416667,0.951347
without_scope_penalty,scope_penalty,P004,data_analyst,3,3,22,3,1.0,0.136364,0.597761
without_scope_penalty,scope_penalty,P004,data_analyst,5,5,22,5,1.0,0.227273,0.709291
without_scope_penalty,scope_penalty,P004,data_analyst,10,10,22,10,1.0,0.454545,0.81135
without_scope_penalty,scope_penalty,P005,ml_engineer,3,3,16,3,1.0,0.1875,1.0
without_scope_penalty,scope_penalty,P005,ml_engineer,5,5,16,5,1.0,0.3125,1.0
without_scope_penalty,scope_penalty,P005,ml_engineer,10,10,16,10,1.0,0.625,1.0
without_scope_penalty,scope_penalty,P006,software_developer,3,3,22,3,1.0,0.136364,0.696731
without_scope_penalty,scope_penalty,P006,software_developer,5,5,22,5,1.0,0.227273,0.622377
without_scope_penalty,scope_penalty,P006,software_developer,10,10,22,10,1.0,0.454545,0.713026
without_scope_penalty,scope_penalty,P007,data_analyst,3,3,25,3,1.0,0.12,1.0
without_scope_penalty,scope_penalty,P007,data_analyst,5,5,25,5,1.0,0.2,1.0
without_scope_penalty,scope_penalty,P007,data_analyst,10,10,25,10,1.0,0.4,1.0
without_scope_penalty,scope_penalty,P008,data_scientist,3,3,26,3,1.0,0.115385,1.0
without_scope_penalty,scope_penalty,P008,data_scientist,5,5,26,5,1.0,0.192308,1.0
without_scope_penalty,scope_penalty,P008,data_scientist,10,10,26,10,1.0,0.384615,1.0
without_scope_penalty,scope_penalty,P009,data_scientist,3,3,23,3,1.0,0.130435,0.83081
without_scope_penalty,scope_penalty,P009,data_scientist,5,5,23,5,1.0,0.217391,0.877722
without_scope_penalty,scope_penalty,P009,data_scientist,10,10,23,10,1.0,0.434783,0.875851
without_scope_penalty,scope_penalty,P010,data_engineer,3,3,26,2,0.666667,0.076923,0.301679
without_scope_penalty,scope_penalty,P010,data_engineer,5,5,26,3,0.6,0.115385,0.349237
without_scope_penalty,scope_penalty,P010,data_engineer,10,10,26,6,0.6,0.230769,0.37913
without_scope_penalty,scope_penalty,P011,data_engineer,3,3,29,3,1.0,0.103448,0.731841
without_scope_penalty,scope_penalty,P011,data_engineer,5,5,29,4,0.8,0.137931,0.547664
without_scope_penalty,scope_penalty,P011,data_engineer,10,10,29,7,0.7,0.241379,0.477746
