comparison,baseline_model,metric,k,profile_count,mean_difference,median_difference,sample_stddev_difference,ci_95_lower,ci_95_upper,standardized_effect_dz,effect_magnitude,hybrid_wins,ties,hybrid_losses,exact_permutation_p,exact_permutation_holm_p,wilcoxon_w_plus,wilcoxon_p,wilcoxon_holm_p,holm_significant_at_0_05,bootstrap_replicates,random_seed
hybrid_vs_popularity,popularity,precision_at_k,3,11,0.6364,0.6667,0.3146,0.4545,0.8182,2.0226,large,11,0,0,0.000977,0.017578,66.0,0.000977,0.017578,True,10000,42
hybrid_vs_popularity,popularity,precision_at_k,5,11,0.6364,0.8,0.2803,0.4727,0.8,2.2706,large,11,0,0,0.000977,0.017578,66.0,0.000977,0.017578,True,10000,42
hybrid_vs_popularity,popularity,precision_at_k,10,11,0.6273,0.6,0.2284,0.5,0.7636,2.746,large,11,0,0,0.000977,0.017578,66.0,0.000977,0.017578,True,10000,42
hybrid_vs_popularity,popularity,recall_at_k,3,11,0.0853,0.087,0.05,0.0588,0.115,1.7068,large,11,0,0,0.000977,0.017578,66.0,0.000977,0.017578,True,10000,42
hybrid_vs_popularity,popularity,recall_at_k,5,11,0.1431,0.1379,0.0795,0.1018,0.1902,1.7995,large,11,0,0,0.000977,0.017578,66.0,0.000977,0.017578,True,10000,42
hybrid_vs_popularity,popularity,recall_at_k,10,11,0.2829,0.2414,0.1457,0.2084,0.3734,1.9413,large,11,0,0,0.000977,0.017578,66.0,0.000977,0.017578,True,10000,42
hybrid_vs_popularity,popularity,ndcg_at_k,3,11,0.5522,0.4884,0.2737,0.4064,0.7162,2.0176,large,11,0,0,0.000977,0.017578,66.0,0.000977,0.017578,True,10000,42
hybrid_vs_popularity,popularity,ndcg_at_k,5,11,0.5795,0.5477,0.2222,0.4598,0.7097,2.6077,large,11,0,0,0.000977,0.017578,66.0,0.000977,0.017578,True,10000,42
hybrid_vs_popularity,popularity,ndcg_at_k,10,11,0.5893,0.5191,0.2145,0.4771,0.715,2.748,large,11,0,0,0.000977,0.017578,66.0,0.000977,0.017578,True,10000,42
hybrid_vs_content_based,content_based,precision_at_k,3,11,0.1212,0.0,0.1682,0.0303,0.2121,0.7207,medium,4,7,0,0.125,0.765625,10.0,0.125,0.625,False,10000,42
hybrid_vs_content_based,content_based,precision_at_k,5,11,0.1091,0.0,0.2427,-0.0182,0.2545,0.4495,small,5,4,2,0.265625,0.796875,22.0,0.265625,0.796875,False,10000,42
hybrid_vs_content_based,content_based,precision_at_k,10,11,0.1182,0.1,0.1471,0.0364,0.2,0.8034,large,9,1,1,0.039062,0.3125,47.5,0.039062,0.3125,False,10000,42
hybrid_vs_content_based,content_based,recall_at_k,3,11,0.0154,0.0,0.0214,0.0038,0.0274,0.7187,medium,4,7,0,0.125,0.765625,10.0,0.125,0.625,False,10000,42
hybrid_vs_content_based,content_based,recall_at_k,5,11,0.0242,0.0,0.0487,-0.0016,0.0526,0.4969,small,5,4,2,0.109375,0.765625,25.0,0.078125,0.46875,False,10000,42
hybrid_vs_content_based,content_based,recall_at_k,10,11,0.0523,0.0455,0.0591,0.0186,0.0835,0.8851,large,9,1,1,0.017578,0.158203,49.0,0.025391,0.228516,False,10000,42
hybrid_vs_content_based,content_based,ndcg_at_k,3,11,0.0412,0.0,0.2608,-0.1012,0.1911,0.158,negligible,4,4,3,0.640625,0.882812,17.0,0.6875,0.851562,False,10000,42
hybrid_vs_content_based,content_based,ndcg_at_k,5,11,0.0574,0.013,0.233,-0.0757,0.1863,0.2465,small,6,2,3,0.441406,0.882812,30.0,0.425781,0.851562,False,10000,42
hybrid_vs_content_based,content_based,ndcg_at_k,10,11,0.0992,0.0804,0.1976,-0.0187,0.2022,0.5021,medium,9,1,1,0.115234,0.765625,46.0,0.064453,0.451172,False,10000,42
