configuration_id,k,precision_at_k,recall_at_k,ndcg_at_k,delta_precision,delta_recall,delta_ndcg,mean_top_k_overlap,changed_profile_count
S000_baseline,3,0.9697,0.1272,0.8143,0.0,0.0,0.0,1.0,0
S000_baseline,5,0.9455,0.2077,0.8078,0.0,0.0,0.0,1.0,0
S000_baseline,10,0.9364,0.4116,0.8181,0.0,0.0,0.0,1.0,0
S001,3,0.9697,0.1272,0.8143,0.0,0.0,0.0,0.9697,2
S001,5,0.9455,0.2077,0.8146,0.0,0.0,0.0068,0.9636,2
S001,10,0.9273,0.4082,0.8122,-0.0091,-0.0034,-0.0059,0.9364,7
S002,3,0.9697,0.1272,0.8143,0.0,0.0,0.0,0.9394,2
S002,5,0.9455,0.2077,0.8078,0.0,0.0,0.0,0.9818,4
S002,10,0.9364,0.4116,0.8122,0.0,0.0,-0.0059,0.9364,9
S003,3,0.9697,0.1272,0.8326,0.0,0.0,0.0183,0.8788,5
S003,5,0.9273,0.2039,0.8053,-0.0182,-0.0038,-0.0025,0.9273,6
S003,10,0.9273,0.4075,0.8121,-0.0091,-0.0041,-0.006,0.9182,11
S004,3,0.9697,0.1272,0.8143,0.0,0.0,0.0,0.9697,2
S004,5,0.9455,0.2077,0.8146,0.0,0.0,0.0068,0.9455,5
S004,10,0.9364,0.4113,0.8177,0.0,-0.0003,-0.0004,0.9364,11
S005,3,0.9697,0.1272,0.8143,0.0,0.0,0.0,0.9697,2
S005,5,0.9455,0.2077,0.8078,0.0,0.0,0.0,1.0,3
S005,10,0.9182,0.4044,0.8112,-0.0182,-0.0072,-0.0069,0.9727,11
S006,3,0.9394,0.1237,0.793,-0.0303,-0.0035,-0.0213,0.9394,2
S006,5,0.9455,0.2077,0.8057,0.0,0.0,-0.0021,0.9818,3
S006,10,0.9364,0.4116,0.8158,0.0,0.0,-0.0023,0.9545,8
S007,3,0.9394,0.1237,0.793,-0.0303,-0.0035,-0.0213,0.9394,2
S007,5,0.9455,0.2077,0.8133,0.0,0.0,0.0055,0.9636,4
S007,10,0.9273,0.4075,0.8054,-0.0091,-0.0041,-0.0127,0.9455,9
S008,3,0.9697,0.1272,0.8143,0.0,0.0,0.0,1.0,1
S008,5,0.9455,0.2077,0.8078,0.0,0.0,0.0,0.9818,3
S008,10,0.9364,0.4113,0.8231,0.0,-0.0003,0.005,0.9455,9
S009,3,0.9697,0.1272,0.8448,0.0,0.0,0.0305,0.8788,6
S009,5,0.9455,0.2077,0.8198,0.0,0.0,0.012,0.9455,6
S009,10,0.9182,0.404,0.8085,-0.0182,-0.0076,-0.0096,0.9,10
S010,3,0.9394,0.1237,0.793,-0.0303,-0.0035,-0.0213,0.9394,3
S010,5,0.9455,0.2077,0.8057,0.0,0.0,-0.0021,0.9818,5
S010,10,0.9273,0.4082,0.8152,-0.0091,-0.0034,-0.0029,0.9455,8
S011,3,0.9697,0.1272,0.8143,0.0,0.0,0.0,0.9697,1
S011,5,0.9455,0.2077,0.8092,0.0,0.0,0.0014,0.9636,5
S011,10,0.9364,0.4116,0.8234,0.0,0.0,0.0053,0.9364,8
S012,3,0.9394,0.1237,0.793,-0.0303,-0.0035,-0.0213,0.9091,3
S012,5,0.9455,0.2077,0.8125,0.0,0.0,0.0047,0.9273,6
S012,10,0.9455,0.4154,0.8221,0.0091,0.0038,0.004,0.9182,9
