component,multiplier,weight_value,k,precision_at_k,recall_at_k,ndcg_at_k,delta_precision,delta_recall,delta_ndcg,mean_top_k_overlap,changed_profile_count
career_relevance,0.5,0.125,3,0.9697,0.1272,0.8143,0.0,0.0,0.0,0.9697,1
career_relevance,0.5,0.125,5,0.9455,0.2077,0.8194,0.0,0.0,0.0116,0.9818,1
career_relevance,0.5,0.125,10,0.9273,0.4075,0.8114,-0.0091,-0.0041,-0.0067,0.9455,4
career_relevance,0.75,0.1875,3,0.9697,0.1272,0.8143,0.0,0.0,0.0,1.0,0
career_relevance,0.75,0.1875,5,0.9455,0.2077,0.8078,0.0,0.0,0.0,1.0,0
career_relevance,0.75,0.1875,10,0.9364,0.4116,0.8196,0.0,0.0,0.0015,0.9818,2
career_relevance,1.0,0.25,3,0.9697,0.1272,0.8143,0.0,0.0,0.0,1.0,0
career_relevance,1.0,0.25,5,0.9455,0.2077,0.8078,0.0,0.0,0.0,1.0,0
career_relevance,1.0,0.25,10,0.9364,0.4116,0.8181,0.0,0.0,0.0,1.0,0
career_relevance,1.25,0.3125,3,0.9697,0.1272,0.8143,0.0,0.0,0.0,1.0,0
career_relevance,1.25,0.3125,5,0.9455,0.2077,0.8078,0.0,0.0,0.0,1.0,0
career_relevance,1.25,0.3125,10,0.9273,0.4085,0.8119,-0.0091,-0.0031,-0.0062,0.9909,1
career_relevance,1.5,0.375,3,0.9697,0.1272,0.8143,0.0,0.0,0.0,1.0,0
career_relevance,1.5,0.375,5,0.9455,0.2077,0.8078,0.0,0.0,0.0,1.0,0
career_relevance,1.5,0.375,10,0.9273,0.4085,0.8119,-0.0091,-0.0031,-0.0062,0.9909,1
skill_gap_match,0.5,0.125,3,0.9394,0.1241,0.793,-0.0303,-0.0031,-0.0213,0.9091,4
skill_gap_match,0.5,0.125,5,0.9455,0.2077,0.792,0.0,0.0,-0.0158,0.9091,8
skill_gap_match,0.5,0.125,10,0.9364,0.4115,0.8092,0.0,-0.0001,-0.0089,0.9091,10
skill_gap_match,0.75,0.1875,3,0.9697,0.1272,0.8143,0.0,0.0,0.0,0.9697,2
skill_gap_match,0.75,0.1875,5,0.9455,0.2077,0.8078,0.0,0.0,0.0,0.9636,3
skill_gap_match,0.75,0.1875,10,0.9455,0.4154,0.8181,0.0091,0.0038,0.0,0.9273,9
skill_gap_match,1.0,0.25,3,0.9697,0.1272,0.8143,0.0,0.0,0.0,1.0,0
skill_gap_match,1.0,0.25,5,0.9455,0.2077,0.8078,0.0,0.0,0.0,1.0,0
skill_gap_match,1.0,0.25,10,0.9364,0.4116,0.8181,0.0,0.0,0.0,1.0,0
skill_gap_match,1.25,0.3125,3,0.9697,0.1272,0.8448,0.0,0.0,0.0305,0.9091,4
skill_gap_match,1.25,0.3125,5,0.9273,0.2039,0.8079,-0.0182,-0.0038,0.0001,0.9455,5
skill_gap_match,1.25,0.3125,10,0.9182,0.404,0.808,-0.0182,-0.0076,-0.0101,0.9455,10
skill_gap_match,1.5,0.375,3,0.9697,0.1272,0.8448,0.0,0.0,0.0305,0.8788,6
skill_gap_match,1.5,0.375,5,0.9273,0.2039,0.8077,-0.0182,-0.0038,-0.0001,0.9455,7
skill_gap_match,1.5,0.375,10,0.9273,0.4071,0.8113,-0.0091,-0.0045,-0.0068,0.9,10
job_skill_alignment,0.5,0.075,3,0.9697,0.1272,0.8143,0.0,0.0,0.0,0.9697,2
job_skill_alignment,0.5,0.075,5,0.9455,0.2077,0.8146,0.0,0.0,0.0068,0.9455,4
job_skill_alignment,0.5,0.075,10,0.9364,0.4123,0.8124,0.0,0.0007,-0.0057,0.9091,11
job_skill_alignment,0.75,0.1125,3,0.9697,0.1272,0.8143,0.0,0.0,0.0,1.0,0
job_skill_alignment,0.75,0.1125,5,0.9455,0.2077,0.8078,0.0,0.0,0.0,0.9818,1
job_skill_alignment,0.75,0.1125,10,0.9455,0.4154,0.8229,0.0091,0.0038,0.0048,0.9455,10
job_skill_alignment,1.0,0.15,3,0.9697,0.1272,0.8143,0.0,0.0,0.0,1.0,0
job_skill_alignment,1.0,0.15,5,0.9455,0.2077,0.8078,0.0,0.0,0.0,1.0,0
job_skill_alignment,1.0,0.15,10,0.9364,0.4116,0.8181,0.0,0.0,0.0,1.0,0
job_skill_alignment,1.25,0.1875,3,0.9697,0.1272,0.8265,0.0,0.0,0.0122,0.9697,1
job_skill_alignment,1.25,0.1875,5,0.9273,0.2039,0.8047,-0.0182,-0.0038,-0.0031,0.9455,4
job_skill_alignment,1.25,0.1875,10,0.9364,0.4116,0.8181,0.0,0.0,0.0,0.9727,8
job_skill_alignment,1.5,0.225,3,0.9697,0.1272,0.8448,0.0,0.0,0.0305,0.9091,3
job_skill_alignment,1.5,0.225,5,0.9273,0.2039,0.8079,-0.0182,-0.0038,0.0001,0.9455,4
job_skill_alignment,1.5,0.225,10,0.9273,0.4075,0.808,-0.0091,-0.0041,-0.0101,0.9364,9
difficulty_match,0.5,0.05,3,0.9697,0.1272,0.8382,0.0,0.0,0.0239,0.9091,3
difficulty_match,0.5,0.05,5,0.9273,0.2039,0.8093,-0.0182,-0.0038,0.0015,0.8909,5
difficulty_match,0.5,0.05,10,0.9364,0.411,0.8203,0.0,-0.0006,0.0022,0.8818,10
difficulty_match,0.75,0.075,3,0.9697,0.1272,0.8326,0.0,0.0,0.0183,0.9091,3
difficulty_match,0.75,0.075,5,0.9273,0.2039,0.8067,-0.0182,-0.0038,-0.0011,0.9455,4
difficulty_match,0.75,0.075,10,0.9273,0.4075,0.8128,-0.0091,-0.0041,-0.0053,0.9182,10
difficulty_match,1.0,0.1,3,0.9697,0.1272,0.8143,0.0,0.0,0.0,1.0,0
difficulty_match,1.0,0.1,5,0.9455,0.2077,0.8078,0.0,0.0,0.0,1.0,0
difficulty_match,1.0,0.1,10,0.9364,0.4116,0.8181,0.0,0.0,0.0,1.0,0
difficulty_match,1.25,0.125,3,0.9697,0.1272,0.8143,0.0,0.0,0.0,0.9697,1
difficulty_match,1.25,0.125,5,0.9455,0.2077,0.8078,0.0,0.0,0.0,0.9818,2
difficulty_match,1.25,0.125,10,0.9364,0.4116,0.8171,0.0,0.0,-0.001,0.9364,7
difficulty_match,1.5,0.15,3,0.9697,0.1272,0.8143,0.0,0.0,0.0,0.9697,1
difficulty_match,1.5,0.15,5,0.9455,0.2077,0.8078,0.0,0.0,0.0,0.9455,3
difficulty_match,1.5,0.15,10,0.9364,0.4116,0.8124,0.0,0.0,-0.0057,0.9273,8
prerequisite_match,0.5,0.05,3,0.9697,0.1272,0.8265,0.0,0.0,0.0122,0.9091,3
prerequisite_match,0.5,0.05,5,0.9273,0.2039,0.8109,-0.0182,-0.0038,0.0031,0.9273,5
prerequisite_match,0.5,0.05,10,0.9273,0.4081,0.8005,-0.0091,-0.0035,-0.0176,0.9,7
prerequisite_match,0.75,0.075,3,0.9697,0.1272,0.8265,0.0,0.0,0.0122,0.9091,3
prerequisite_match,0.75,0.075,5,0.9273,0.2039,0.8047,-0.0182,-0.0038,-0.0031,0.9636,4
prerequisite_match,0.75,0.075,10,0.9273,0.4081,0.8081,-0.0091,-0.0035,-0.01,0.9545,6
prerequisite_match,1.0,0.1,3,0.9697,0.1272,0.8143,0.0,0.0,0.0,1.0,0
prerequisite_match,1.0,0.1,5,0.9455,0.2077,0.8078,0.0,0.0,0.0,1.0,0
prerequisite_match,1.0,0.1,10,0.9364,0.4116,0.8181,0.0,0.0,0.0,1.0,0
prerequisite_match,1.25,0.125,3,0.9697,0.1272,0.8143,0.0,0.0,0.0,1.0,1
prerequisite_match,1.25,0.125,5,0.9455,0.2077,0.8078,0.0,0.0,0.0,0.9818,1
prerequisite_match,1.25,0.125,10,0.9455,0.4154,0.8239,0.0091,0.0038,0.0058,0.9455,5
prerequisite_match,1.5,0.15,3,0.9697,0.1272,0.8143,0.0,0.0,0.0,0.9697,1
prerequisite_match,1.5,0.15,5,0.9455,0.2077,0.8146,0.0,0.0,0.0068,0.9636,2
prerequisite_match,1.5,0.15,10,0.9455,0.4154,0.8283,0.0091,0.0038,0.0102,0.9364,6
resource_quality,0.5,0.05,3,0.9697,0.1272,0.8143,0.0,0.0,0.0,0.9697,2
resource_quality,0.5,0.05,5,0.9455,0.2077,0.8092,0.0,0.0,0.0014,0.9636,5
resource_quality,0.5,0.05,10,0.9273,0.4081,0.8183,-0.0091,-0.0035,0.0002,0.9727,8
resource_quality,0.75,0.075,3,0.9697,0.1272,0.8143,0.0,0.0,0.0,1.0,1
resource_quality,0.75,0.075,5,0.9455,0.2077,0.8092,0.0,0.0,0.0014,0.9636,4
resource_quality,0.75,0.075,10,0.9364,0.4116,0.8193,0.0,0.0,0.0012,0.9909,7
resource_quality,1.0,0.1,3,0.9697,0.1272,0.8143,0.0,0.0,0.0,1.0,0
resource_quality,1.0,0.1,5,0.9455,0.2077,0.8078,0.0,0.0,0.0,1.0,0
resource_quality,1.0,0.1,10,0.9364,0.4116,0.8181,0.0,0.0,0.0,1.0,0
resource_quality,1.25,0.125,3,0.9394,0.1237,0.793,-0.0303,-0.0035,-0.0213,0.9394,2
resource_quality,1.25,0.125,5,0.9455,0.2077,0.8057,0.0,0.0,-0.0021,1.0,3
resource_quality,1.25,0.125,10,0.9273,0.4075,0.81,-0.0091,-0.0041,-0.0081,0.9818,6
resource_quality,1.5,0.15,3,0.9394,0.1237,0.793,-0.0303,-0.0035,-0.0213,0.9394,2
resource_quality,1.5,0.15,5,0.9455,0.2077,0.8057,0.0,0.0,-0.0021,0.9818,5
resource_quality,1.5,0.15,10,0.9273,0.4075,0.8098,-0.0091,-0.0041,-0.0083,0.9818,8
content_similarity,0.5,0.025,3,0.9394,0.1237,0.793,-0.0303,-0.0035,-0.0213,0.9394,3
content_similarity,0.5,0.025,5,0.9455,0.2077,0.8057,0.0,0.0,-0.0021,0.9636,5
content_similarity,0.5,0.025,10,0.9364,0.4116,0.816,0.0,0.0,-0.0021,0.9818,7
content_similarity,0.75,0.0375,3,0.9394,0.1237,0.793,-0.0303,-0.0035,-0.0213,0.9394,3
content_similarity,0.75,0.0375,5,0.9455,0.2077,0.8057,0.0,0.0,-0.0021,0.9818,5
content_similarity,0.75,0.0375,10,0.9364,0.4116,0.8163,0.0,0.0,-0.0018,0.9818,7
content_similarity,1.0,0.05,3,0.9697,0.1272,0.8143,0.0,0.0,0.0,1.0,0
content_similarity,1.0,0.05,5,0.9455,0.2077,0.8078,0.0,0.0,0.0,1.0,0
content_similarity,1.0,0.05,10,0.9364,0.4116,0.8181,0.0,0.0,0.0,1.0,0
content_similarity,1.25,0.0625,3,0.9697,0.1272,0.8143,0.0,0.0,0.0,1.0,0
content_similarity,1.25,0.0625,5,0.9455,0.2077,0.8078,0.0,0.0,0.0,1.0,0
content_similarity,1.25,0.0625,10,0.9364,0.4116,0.8179,0.0,0.0,-0.0002,0.9909,7
content_similarity,1.5,0.075,3,0.9697,0.1272,0.8143,0.0,0.0,0.0,1.0,0
content_similarity,1.5,0.075,5,0.9455,0.2077,0.8092,0.0,0.0,0.0014,1.0,1
content_similarity,1.5,0.075,10,0.9364,0.4116,0.8184,0.0,0.0,0.0003,0.9909,7
scope_penalty,0.5,-0.06,3,0.9697,0.1272,0.8143,0.0,0.0,0.0,1.0,1
scope_penalty,0.5,-0.06,5,0.9273,0.2039,0.7959,-0.0182,-0.0038,-0.0119,0.9818,2
scope_penalty,0.5,-0.06,10,0.9273,0.4085,0.8169,-0.0091,-0.0031,-0.0012,0.9818,5
scope_penalty,0.75,-0.09,3,0.9697,0.1272,0.8143,0.0,0.0,0.0,1.0,1
scope_penalty,0.75,-0.09,5,0.9455,0.2077,0.8078,0.0,0.0,0.0,1.0,1
scope_penalty,0.75,-0.09,10,0.9273,0.4085,0.8169,-0.0091,-0.0031,-0.0012,0.9909,5
scope_penalty,1.0,-0.12,3,0.9697,0.1272,0.8143,0.0,0.0,0.0,1.0,0
scope_penalty,1.0,-0.12,5,0.9455,0.2077,0.8078,0.0,0.0,0.0,1.0,0
scope_penalty,1.0,-0.12,10,0.9364,0.4116,0.8181,0.0,0.0,0.0,1.0,0
scope_penalty,1.25,-0.15,3,0.9697,0.1272,0.8143,0.0,0.0,0.0,1.0,1
scope_penalty,1.25,-0.15,5,0.9455,0.2077,0.8078,0.0,0.0,0.0,1.0,1
scope_penalty,1.25,-0.15,10,0.9455,0.4154,0.8239,0.0091,0.0038,0.0058,0.9727,4
scope_penalty,1.5,-0.18,3,0.9697,0.1272,0.8143,0.0,0.0,0.0,0.9697,2
scope_penalty,1.5,-0.18,5,0.9455,0.2077,0.8078,0.0,0.0,0.0,0.9818,2
scope_penalty,1.5,-0.18,10,0.9455,0.4154,0.8239,0.0091,0.0038,0.0058,0.9727,5
