model,profile_id,pathway,k,recommended_count,relevant_count,relevant_hits,precision_at_k,recall_at_k,ndcg_at_k
hybrid,P001,data_analyst,3,3,24,3,1.0,0.125,0.798881
hybrid,P001,data_analyst,5,5,24,5,1.0,0.208333,0.854646
hybrid,P001,data_analyst,10,10,24,9,0.9,0.375,0.842054
hybrid,P002,ml_engineer,3,3,21,3,1.0,0.142857,1.0
hybrid,P002,ml_engineer,5,5,21,5,1.0,0.238095,1.0
hybrid,P002,ml_engineer,10,10,21,10,1.0,0.47619,1.0
hybrid,P003,software_developer,3,3,24,3,1.0,0.125,1.0
hybrid,P003,software_developer,5,5,24,5,1.0,0.208333,0.925026
hybrid,P003,software_developer,10,10,24,10,1.0,0.416667,0.951347
hybrid,P004,data_analyst,3,3,22,3,1.0,0.136364,0.597761
hybrid,P004,data_analyst,5,5,22,5,1.0,0.227273,0.709291
hybrid,P004,data_analyst,10,10,22,10,1.0,0.454545,0.81135
hybrid,P005,ml_engineer,3,3,16,3,1.0,0.1875,1.0
hybrid,P005,ml_engineer,5,5,16,5,1.0,0.3125,1.0
hybrid,P005,ml_engineer,10,10,16,10,1.0,0.625,1.0
hybrid,P006,software_developer,3,3,22,3,1.0,0.136364,0.696731
hybrid,P006,software_developer,5,5,22,5,1.0,0.227273,0.622377
hybrid,P006,software_developer,10,10,22,10,1.0,0.454545,0.713026
hybrid,P007,data_analyst,3,3,25,3,1.0,0.12,1.0
hybrid,P007,data_analyst,5,5,25,5,1.0,0.2,1.0
hybrid,P007,data_analyst,10,10,25,10,1.0,0.4,1.0
hybrid,P008,data_scientist,3,3,26,3,1.0,0.115385,1.0
hybrid,P008,data_scientist,5,5,26,5,1.0,0.192308,1.0
hybrid,P008,data_scientist,10,10,26,10,1.0,0.384615,0.945468
hybrid,P009,data_scientist,3,3,23,3,1.0,0.130435,0.83081
hybrid,P009,data_scientist,5,5,23,5,1.0,0.217391,0.877722
hybrid,P009,data_scientist,10,10,23,10,1.0,0.434783,0.863861
hybrid,P010,data_engineer,3,3,26,2,0.666667,0.076923,0.301679
hybrid,P010,data_engineer,5,5,26,3,0.6,0.115385,0.349237
hybrid,P010,data_engineer,10,10,26,6,0.6,0.230769,0.37913
hybrid,P011,data_engineer,3,3,29,3,1.0,0.103448,0.731841
hybrid,P011,data_engineer,5,5,29,4,0.8,0.137931,0.547664
hybrid,P011,data_engineer,10,10,29,8,0.8,0.275862,0.492733
hybrid_hard_prerequisites,P001,data_analyst,3,3,24,3,1.0,0.125,0.798881
hybrid_hard_prerequisites,P001,data_analyst,5,5,24,5,1.0,0.208333,0.854646
hybrid_hard_prerequisites,P001,data_analyst,10,10,24,10,1.0,0.416667,0.905675
hybrid_hard_prerequisites,P002,ml_engineer,3,3,21,3,1.0,0.142857,1.0
hybrid_hard_prerequisites,P002,ml_engineer,5,5,21,5,1.0,0.238095,1.0
hybrid_hard_prerequisites,P002,ml_engineer,10,10,21,10,1.0,0.47619,1.0
hybrid_hard_prerequisites,P003,software_developer,3,3,24,3,1.0,0.125,1.0
hybrid_hard_prerequisites,P003,software_developer,5,5,24,5,1.0,0.208333,1.0
hybrid_hard_prerequisites,P003,software_developer,10,10,24,9,0.9,0.375,0.933746
hybrid_hard_prerequisites,P004,data_analyst,3,3,22,3,1.0,0.136364,0.597761
hybrid_hard_prerequisites,P004,data_analyst,5,5,22,5,1.0,0.227273,0.709291
hybrid_hard_prerequisites,P004,data_analyst,10,10,22,10,1.0,0.454545,0.81135
hybrid_hard_prerequisites,P005,ml_engineer,3,3,16,3,1.0,0.1875,1.0
hybrid_hard_prerequisites,P005,ml_engineer,5,5,16,5,1.0,0.3125,1.0
hybrid_hard_prerequisites,P005,ml_engineer,10,10,16,10,1.0,0.625,1.0
hybrid_hard_prerequisites,P006,software_developer,3,3,22,3,1.0,0.136364,0.696731
hybrid_hard_prerequisites,P006,software_developer,5,5,22,5,1.0,0.227273,0.622377
hybrid_hard_prerequisites,P006,software_developer,10,10,22,10,1.0,0.454545,0.754949
hybrid_hard_prerequisites,P007,data_analyst,3,3,25,3,1.0,0.12,1.0
hybrid_hard_prerequisites,P007,data_analyst,5,5,25,5,1.0,0.2,1.0
hybrid_hard_prerequisites,P007,data_analyst,10,10,25,10,1.0,0.4,1.0
hybrid_hard_prerequisites,P008,data_scientist,3,3,26,3,1.0,0.115385,1.0
hybrid_hard_prerequisites,P008,data_scientist,5,5,26,5,1.0,0.192308,1.0
hybrid_hard_prerequisites,P008,data_scientist,10,10,26,10,1.0,0.384615,0.843973
hybrid_hard_prerequisites,P009,data_scientist,3,3,23,3,1.0,0.130435,0.83081
hybrid_hard_prerequisites,P009,data_scientist,5,5,23,5,1.0,0.217391,0.877722
hybrid_hard_prerequisites,P009,data_scientist,10,10,23,10,1.0,0.434783,0.863861
hybrid_hard_prerequisites,P010,data_engineer,3,3,26,2,0.666667,0.076923,0.301679
hybrid_hard_prerequisites,P010,data_engineer,5,5,26,3,0.6,0.115385,0.349237
hybrid_hard_prerequisites,P010,data_engineer,10,10,26,6,0.6,0.230769,0.37913
hybrid_hard_prerequisites,P011,data_engineer,3,3,29,3,1.0,0.103448,0.731841
hybrid_hard_prerequisites,P011,data_engineer,5,5,29,4,0.8,0.137931,0.547664
hybrid_hard_prerequisites,P011,data_engineer,10,10,29,8,0.8,0.275862,0.492733
