profile_id,model,rank,resource_id,title,provider,score,explanation
P001,popularity,1,R008,Applied Machine Learning in Python,Coursera,0.8865,Recommended because this resource has strong general quality and popularity signals.
P001,popularity,2,R001,SQL for Data Analysis,Coursera,0.873,Recommended because this resource has strong general quality and popularity signals.
P001,popularity,3,R025,Google Data Analytics Foundations,Coursera,0.8675,Recommended because this resource has strong general quality and popularity signals.
P001,popularity,4,R005,Python Basics for Everybody,freeCodeCamp,0.8615,Recommended because this resource has strong general quality and popularity signals.
P001,popularity,5,R003,Excel Skills for Business,Coursera,0.846,Recommended because this resource has strong general quality and popularity signals.
P001,popularity,6,R035,Python Data Science Handbook,University Open Course,0.846,Recommended because this resource has strong general quality and popularity signals.
P001,popularity,7,R036,Supervised Learning with Scikit Learn,DataCamp,0.8425,Recommended because this resource has strong general quality and popularity signals.
P001,popularity,8,R029,Exploratory Data Analysis in Python,Kaggle Learn,0.8365,Recommended because this resource has strong general quality and popularity signals.
P001,popularity,9,R026,IBM Data Analyst Capstone,Coursera,0.8355,Recommended because this resource has strong general quality and popularity signals.
P001,popularity,10,R012,Git and GitHub Crash Course,freeCodeCamp,0.832,Recommended because this resource has strong general quality and popularity signals.
P002,popularity,1,R008,Applied Machine Learning in Python,Coursera,0.8865,Recommended because this resource has strong general quality and popularity signals.
P002,popularity,2,R001,SQL for Data Analysis,Coursera,0.873,Recommended because this resource has strong general quality and popularity signals.
P002,popularity,3,R025,Google Data Analytics Foundations,Coursera,0.8675,Recommended because this resource has strong general quality and popularity signals.
P002,popularity,4,R005,Python Basics for Everybody,freeCodeCamp,0.8615,Recommended because this resource has strong general quality and popularity signals.
P002,popularity,5,R003,Excel Skills for Business,Coursera,0.846,Recommended because this resource has strong general quality and popularity signals.
P002,popularity,6,R035,Python Data Science Handbook,University Open Course,0.846,Recommended because this resource has strong general quality and popularity signals.
P002,popularity,7,R036,Supervised Learning with Scikit Learn,DataCamp,0.8425,Recommended because this resource has strong general quality and popularity signals.
P002,popularity,8,R029,Exploratory Data Analysis in Python,Kaggle Learn,0.8365,Recommended because this resource has strong general quality and popularity signals.
P002,popularity,9,R026,IBM Data Analyst Capstone,Coursera,0.8355,Recommended because this resource has strong general quality and popularity signals.
P002,popularity,10,R012,Git and GitHub Crash Course,freeCodeCamp,0.832,Recommended because this resource has strong general quality and popularity signals.
P003,popularity,1,R008,Applied Machine Learning in Python,Coursera,0.8865,Recommended because this resource has strong general quality and popularity signals.
P003,popularity,2,R001,SQL for Data Analysis,Coursera,0.873,Recommended because this resource has strong general quality and popularity signals.
P003,popularity,3,R025,Google Data Analytics Foundations,Coursera,0.8675,Recommended because this resource has strong general quality and popularity signals.
P003,popularity,4,R005,Python Basics for Everybody,freeCodeCamp,0.8615,Recommended because this resource has strong general quality and popularity signals.
P003,popularity,5,R003,Excel Skills for Business,Coursera,0.846,Recommended because this resource has strong general quality and popularity signals.
P003,popularity,6,R035,Python Data Science Handbook,University Open Course,0.846,Recommended because this resource has strong general quality and popularity signals.
P003,popularity,7,R036,Supervised Learning with Scikit Learn,DataCamp,0.8425,Recommended because this resource has strong general quality and popularity signals.
P003,popularity,8,R029,Exploratory Data Analysis in Python,Kaggle Learn,0.8365,Recommended because this resource has strong general quality and popularity signals.
P003,popularity,9,R026,IBM Data Analyst Capstone,Coursera,0.8355,Recommended because this resource has strong general quality and popularity signals.
P003,popularity,10,R012,Git and GitHub Crash Course,freeCodeCamp,0.832,Recommended because this resource has strong general quality and popularity signals.
P004,popularity,1,R008,Applied Machine Learning in Python,Coursera,0.8865,Recommended because this resource has strong general quality and popularity signals.
P004,popularity,2,R001,SQL for Data Analysis,Coursera,0.873,Recommended because this resource has strong general quality and popularity signals.
P004,popularity,3,R025,Google Data Analytics Foundations,Coursera,0.8675,Recommended because this resource has strong general quality and popularity signals.
P004,popularity,4,R005,Python Basics for Everybody,freeCodeCamp,0.8615,Recommended because this resource has strong general quality and popularity signals.
P004,popularity,5,R003,Excel Skills for Business,Coursera,0.846,Recommended because this resource has strong general quality and popularity signals.
P004,popularity,6,R035,Python Data Science Handbook,University Open Course,0.846,Recommended because this resource has strong general quality and popularity signals.
P004,popularity,7,R036,Supervised Learning with Scikit Learn,DataCamp,0.8425,Recommended because this resource has strong general quality and popularity signals.
P004,popularity,8,R029,Exploratory Data Analysis in Python,Kaggle Learn,0.8365,Recommended because this resource has strong general quality and popularity signals.
P004,popularity,9,R026,IBM Data Analyst Capstone,Coursera,0.8355,Recommended because this resource has strong general quality and popularity signals.
P004,popularity,10,R012,Git and GitHub Crash Course,freeCodeCamp,0.832,Recommended because this resource has strong general quality and popularity signals.
P005,popularity,1,R008,Applied Machine Learning in Python,Coursera,0.8865,Recommended because this resource has strong general quality and popularity signals.
P005,popularity,2,R001,SQL for Data Analysis,Coursera,0.873,Recommended because this resource has strong general quality and popularity signals.
P005,popularity,3,R025,Google Data Analytics Foundations,Coursera,0.8675,Recommended because this resource has strong general quality and popularity signals.
P005,popularity,4,R005,Python Basics for Everybody,freeCodeCamp,0.8615,Recommended because this resource has strong general quality and popularity signals.
P005,popularity,5,R003,Excel Skills for Business,Coursera,0.846,Recommended because this resource has strong general quality and popularity signals.
P005,popularity,6,R035,Python Data Science Handbook,University Open Course,0.846,Recommended because this resource has strong general quality and popularity signals.
P005,popularity,7,R036,Supervised Learning with Scikit Learn,DataCamp,0.8425,Recommended because this resource has strong general quality and popularity signals.
P005,popularity,8,R029,Exploratory Data Analysis in Python,Kaggle Learn,0.8365,Recommended because this resource has strong general quality and popularity signals.
P005,popularity,9,R026,IBM Data Analyst Capstone,Coursera,0.8355,Recommended because this resource has strong general quality and popularity signals.
P005,popularity,10,R012,Git and GitHub Crash Course,freeCodeCamp,0.832,Recommended because this resource has strong general quality and popularity signals.
P006,popularity,1,R008,Applied Machine Learning in Python,Coursera,0.8865,Recommended because this resource has strong general quality and popularity signals.
P006,popularity,2,R001,SQL for Data Analysis,Coursera,0.873,Recommended because this resource has strong general quality and popularity signals.
P006,popularity,3,R025,Google Data Analytics Foundations,Coursera,0.8675,Recommended because this resource has strong general quality and popularity signals.
P006,popularity,4,R005,Python Basics for Everybody,freeCodeCamp,0.8615,Recommended because this resource has strong general quality and popularity signals.
P006,popularity,5,R003,Excel Skills for Business,Coursera,0.846,Recommended because this resource has strong general quality and popularity signals.
P006,popularity,6,R035,Python Data Science Handbook,University Open Course,0.846,Recommended because this resource has strong general quality and popularity signals.
P006,popularity,7,R036,Supervised Learning with Scikit Learn,DataCamp,0.8425,Recommended because this resource has strong general quality and popularity signals.
P006,popularity,8,R029,Exploratory Data Analysis in Python,Kaggle Learn,0.8365,Recommended because this resource has strong general quality and popularity signals.
P006,popularity,9,R026,IBM Data Analyst Capstone,Coursera,0.8355,Recommended because this resource has strong general quality and popularity signals.
P006,popularity,10,R012,Git and GitHub Crash Course,freeCodeCamp,0.832,Recommended because this resource has strong general quality and popularity signals.
P007,popularity,1,R008,Applied Machine Learning in Python,Coursera,0.8865,Recommended because this resource has strong general quality and popularity signals.
P007,popularity,2,R001,SQL for Data Analysis,Coursera,0.873,Recommended because this resource has strong general quality and popularity signals.
P007,popularity,3,R025,Google Data Analytics Foundations,Coursera,0.8675,Recommended because this resource has strong general quality and popularity signals.
P007,popularity,4,R005,Python Basics for Everybody,freeCodeCamp,0.8615,Recommended because this resource has strong general quality and popularity signals.
P007,popularity,5,R003,Excel Skills for Business,Coursera,0.846,Recommended because this resource has strong general quality and popularity signals.
P007,popularity,6,R035,Python Data Science Handbook,University Open Course,0.846,Recommended because this resource has strong general quality and popularity signals.
P007,popularity,7,R036,Supervised Learning with Scikit Learn,DataCamp,0.8425,Recommended because this resource has strong general quality and popularity signals.
P007,popularity,8,R029,Exploratory Data Analysis in Python,Kaggle Learn,0.8365,Recommended because this resource has strong general quality and popularity signals.
P007,popularity,9,R026,IBM Data Analyst Capstone,Coursera,0.8355,Recommended because this resource has strong general quality and popularity signals.
P007,popularity,10,R012,Git and GitHub Crash Course,freeCodeCamp,0.832,Recommended because this resource has strong general quality and popularity signals.
P008,popularity,1,R008,Applied Machine Learning in Python,Coursera,0.8865,Recommended because this resource has strong general quality and popularity signals.
P008,popularity,2,R001,SQL for Data Analysis,Coursera,0.873,Recommended because this resource has strong general quality and popularity signals.
P008,popularity,3,R025,Google Data Analytics Foundations,Coursera,0.8675,Recommended because this resource has strong general quality and popularity signals.
P008,popularity,4,R005,Python Basics for Everybody,freeCodeCamp,0.8615,Recommended because this resource has strong general quality and popularity signals.
P008,popularity,5,R003,Excel Skills for Business,Coursera,0.846,Recommended because this resource has strong general quality and popularity signals.
P008,popularity,6,R035,Python Data Science Handbook,University Open Course,0.846,Recommended because this resource has strong general quality and popularity signals.
P008,popularity,7,R036,Supervised Learning with Scikit Learn,DataCamp,0.8425,Recommended because this resource has strong general quality and popularity signals.
P008,popularity,8,R029,Exploratory Data Analysis in Python,Kaggle Learn,0.8365,Recommended because this resource has strong general quality and popularity signals.
P008,popularity,9,R026,IBM Data Analyst Capstone,Coursera,0.8355,Recommended because this resource has strong general quality and popularity signals.
P008,popularity,10,R012,Git and GitHub Crash Course,freeCodeCamp,0.832,Recommended because this resource has strong general quality and popularity signals.
P009,popularity,1,R008,Applied Machine Learning in Python,Coursera,0.8865,Recommended because this resource has strong general quality and popularity signals.
P009,popularity,2,R001,SQL for Data Analysis,Coursera,0.873,Recommended because this resource has strong general quality and popularity signals.
P009,popularity,3,R025,Google Data Analytics Foundations,Coursera,0.8675,Recommended because this resource has strong general quality and popularity signals.
P009,popularity,4,R005,Python Basics for Everybody,freeCodeCamp,0.8615,Recommended because this resource has strong general quality and popularity signals.
P009,popularity,5,R003,Excel Skills for Business,Coursera,0.846,Recommended because this resource has strong general quality and popularity signals.
P009,popularity,6,R035,Python Data Science Handbook,University Open Course,0.846,Recommended because this resource has strong general quality and popularity signals.
P009,popularity,7,R036,Supervised Learning with Scikit Learn,DataCamp,0.8425,Recommended because this resource has strong general quality and popularity signals.
P009,popularity,8,R029,Exploratory Data Analysis in Python,Kaggle Learn,0.8365,Recommended because this resource has strong general quality and popularity signals.
P009,popularity,9,R026,IBM Data Analyst Capstone,Coursera,0.8355,Recommended because this resource has strong general quality and popularity signals.
P009,popularity,10,R012,Git and GitHub Crash Course,freeCodeCamp,0.832,Recommended because this resource has strong general quality and popularity signals.
P010,popularity,1,R008,Applied Machine Learning in Python,Coursera,0.8865,Recommended because this resource has strong general quality and popularity signals.
P010,popularity,2,R001,SQL for Data Analysis,Coursera,0.873,Recommended because this resource has strong general quality and popularity signals.
P010,popularity,3,R025,Google Data Analytics Foundations,Coursera,0.8675,Recommended because this resource has strong general quality and popularity signals.
P010,popularity,4,R005,Python Basics for Everybody,freeCodeCamp,0.8615,Recommended because this resource has strong general quality and popularity signals.
P010,popularity,5,R003,Excel Skills for Business,Coursera,0.846,Recommended because this resource has strong general quality and popularity signals.
P010,popularity,6,R035,Python Data Science Handbook,University Open Course,0.846,Recommended because this resource has strong general quality and popularity signals.
P010,popularity,7,R036,Supervised Learning with Scikit Learn,DataCamp,0.8425,Recommended because this resource has strong general quality and popularity signals.
P010,popularity,8,R029,Exploratory Data Analysis in Python,Kaggle Learn,0.8365,Recommended because this resource has strong general quality and popularity signals.
P010,popularity,9,R026,IBM Data Analyst Capstone,Coursera,0.8355,Recommended because this resource has strong general quality and popularity signals.
P010,popularity,10,R012,Git and GitHub Crash Course,freeCodeCamp,0.832,Recommended because this resource has strong general quality and popularity signals.
P011,popularity,1,R008,Applied Machine Learning in Python,Coursera,0.8865,Recommended because this resource has strong general quality and popularity signals.
P011,popularity,2,R001,SQL for Data Analysis,Coursera,0.873,Recommended because this resource has strong general quality and popularity signals.
P011,popularity,3,R025,Google Data Analytics Foundations,Coursera,0.8675,Recommended because this resource has strong general quality and popularity signals.
P011,popularity,4,R005,Python Basics for Everybody,freeCodeCamp,0.8615,Recommended because this resource has strong general quality and popularity signals.
P011,popularity,5,R003,Excel Skills for Business,Coursera,0.846,Recommended because this resource has strong general quality and popularity signals.
P011,popularity,6,R035,Python Data Science Handbook,University Open Course,0.846,Recommended because this resource has strong general quality and popularity signals.
P011,popularity,7,R036,Supervised Learning with Scikit Learn,DataCamp,0.8425,Recommended because this resource has strong general quality and popularity signals.
P011,popularity,8,R029,Exploratory Data Analysis in Python,Kaggle Learn,0.8365,Recommended because this resource has strong general quality and popularity signals.
P011,popularity,9,R026,IBM Data Analyst Capstone,Coursera,0.8355,Recommended because this resource has strong general quality and popularity signals.
P011,popularity,10,R012,Git and GitHub Crash Course,freeCodeCamp,0.832,Recommended because this resource has strong general quality and popularity signals.
