scenario,pathway,baseline_ndcg_at_5,gated_ndcg_at_5,difference
canonical,data_analyst,0.8546,0.9583,0.1037
canonical,data_engineer,0.4485,0.6879,0.2394
canonical,data_scientist,0.9389,0.9389,0.0
canonical,ml_engineer,1.0,1.0,0.0
canonical,software_developer,0.7737,0.8112,0.0375
all_uncertain_down_one,data_analyst,0.8297,0.9333,0.1036
all_uncertain_down_one,data_engineer,0.4485,0.6879,0.2394
all_uncertain_down_one,data_scientist,0.7918,0.8487,0.0569
all_uncertain_down_one,ml_engineer,1.0,1.0,0.0
all_uncertain_down_one,software_developer,0.7495,0.787,0.0375
all_uncertain_up_one,data_analyst,0.8546,0.9583,0.1037
all_uncertain_up_one,data_engineer,0.4485,0.6879,0.2394
all_uncertain_up_one,data_scientist,0.9389,0.9389,0.0
all_uncertain_up_one,ml_engineer,1.0,1.0,0.0
all_uncertain_up_one,software_developer,0.8222,0.8596,0.0374
confidence_1_down_one,data_analyst,0.8546,0.9583,0.1037
confidence_1_down_one,data_engineer,0.4485,0.6879,0.2394
confidence_1_down_one,data_scientist,0.9389,0.9389,0.0
confidence_1_down_one,ml_engineer,1.0,1.0,0.0
confidence_1_down_one,software_developer,0.7737,0.8112,0.0375
confidence_1_up_one,data_analyst,0.8546,0.9583,0.1037
confidence_1_up_one,data_engineer,0.4485,0.6879,0.2394
confidence_1_up_one,data_scientist,0.9389,0.9389,0.0
confidence_1_up_one,ml_engineer,1.0,1.0,0.0
confidence_1_up_one,software_developer,0.7737,0.8112,0.0375
