scenario,profile_id,pathway,baseline_ndcg_at_5,gated_ndcg_at_5,difference
canonical,P001,data_analyst,0.854646,1.0,0.145354
canonical,P002,ml_engineer,1.0,1.0,0.0
canonical,P003,software_developer,0.925026,1.0,0.074974
canonical,P004,data_analyst,0.709291,0.874799,0.165508
canonical,P005,ml_engineer,1.0,1.0,0.0
canonical,P006,software_developer,0.622377,0.622377,0.0
canonical,P007,data_analyst,1.0,1.0,0.0
canonical,P008,data_scientist,1.0,1.0,0.0
canonical,P009,data_scientist,0.877722,0.877722,0.0
canonical,P010,data_engineer,0.349237,0.596116,0.246879
canonical,P011,data_engineer,0.547664,0.779671,0.232007
all_uncertain_down_one,P001,data_analyst,0.854646,1.0,0.145354
all_uncertain_down_one,P002,ml_engineer,1.0,1.0,0.0
all_uncertain_down_one,P003,software_developer,0.925026,1.0,0.074974
all_uncertain_down_one,P004,data_analyst,0.634317,0.799824,0.165507
all_uncertain_down_one,P005,ml_engineer,1.0,1.0,0.0
all_uncertain_down_one,P006,software_developer,0.573926,0.573926,0.0
all_uncertain_down_one,P007,data_analyst,1.0,1.0,0.0
all_uncertain_down_one,P008,data_scientist,0.705845,0.819629,0.113784
all_uncertain_down_one,P009,data_scientist,0.877722,0.877722,0.0
all_uncertain_down_one,P010,data_engineer,0.349237,0.596116,0.246879
all_uncertain_down_one,P011,data_engineer,0.547664,0.779671,0.232007
all_uncertain_up_one,P001,data_analyst,0.854646,1.0,0.145354
all_uncertain_up_one,P002,ml_engineer,1.0,1.0,0.0
all_uncertain_up_one,P003,software_developer,0.925026,1.0,0.074974
all_uncertain_up_one,P004,data_analyst,0.709291,0.874799,0.165508
all_uncertain_up_one,P005,ml_engineer,1.0,1.0,0.0
all_uncertain_up_one,P006,software_developer,0.71928,0.71928,0.0
all_uncertain_up_one,P007,data_analyst,1.0,1.0,0.0
all_uncertain_up_one,P008,data_scientist,1.0,1.0,0.0
all_uncertain_up_one,P009,data_scientist,0.877722,0.877722,0.0
all_uncertain_up_one,P010,data_engineer,0.349237,0.596116,0.246879
all_uncertain_up_one,P011,data_engineer,0.547664,0.779671,0.232007
confidence_1_down_one,P001,data_analyst,0.854646,1.0,0.145354
confidence_1_down_one,P002,ml_engineer,1.0,1.0,0.0
confidence_1_down_one,P003,software_developer,0.925026,1.0,0.074974
confidence_1_down_one,P004,data_analyst,0.709291,0.874799,0.165508
confidence_1_down_one,P005,ml_engineer,1.0,1.0,0.0
confidence_1_down_one,P006,software_developer,0.622377,0.622377,0.0
confidence_1_down_one,P007,data_analyst,1.0,1.0,0.0
confidence_1_down_one,P008,data_scientist,1.0,1.0,0.0
confidence_1_down_one,P009,data_scientist,0.877722,0.877722,0.0
confidence_1_down_one,P010,data_engineer,0.349237,0.596116,0.246879
confidence_1_down_one,P011,data_engineer,0.547664,0.779671,0.232007
confidence_1_up_one,P001,data_analyst,0.854646,1.0,0.145354
confidence_1_up_one,P002,ml_engineer,1.0,1.0,0.0
confidence_1_up_one,P003,software_developer,0.925026,1.0,0.074974
confidence_1_up_one,P004,data_analyst,0.709291,0.874799,0.165508
confidence_1_up_one,P005,ml_engineer,1.0,1.0,0.0
confidence_1_up_one,P006,software_developer,0.622377,0.622377,0.0
confidence_1_up_one,P007,data_analyst,1.0,1.0,0.0
confidence_1_up_one,P008,data_scientist,1.0,1.0,0.0
confidence_1_up_one,P009,data_scientist,0.877722,0.877722,0.0
confidence_1_up_one,P010,data_engineer,0.349237,0.596116,0.246879
confidence_1_up_one,P011,data_engineer,0.547664,0.779671,0.232007
