"audit_item_id","pathway","profile_name","target_pathway","current_skills","weak_skills","preferred_difficulty","resource_title","provider","topic","skills","resource_difficulty","format","prerequisites","reviewer_relevance","reviewer_confidence","reviewer_notes"
"H001","data_scientist","Beginner Data Scientist","data_scientist","data_cleaning:1; data_visualisation:1; machine_learning:0; model_evaluation:0; python:1; sql:1; statistics:0","machine_learning; model_evaluation; statistics","1","Practical Feature Engineering","Kaggle Learn","machine_learning","data_cleaning; machine_learning; model_evaluation; python","2","tutorial","python; statistics","1","3",""
"H002","software_developer","Intermediate Software Developer","software_developer","apis:0; databases:1; oop:1; programming:2; testing:0; version_control:1","apis; oop; testing","2","freeCodeCamp Module API Routes","freeCodeCamp","apis","apis; programming","2","module","programming","1","3",""
"H003","data_scientist","Beginner Data Scientist","data_scientist","data_cleaning:1; data_visualisation:1; machine_learning:0; model_evaluation:0; python:1; sql:1; statistics:0","machine_learning; model_evaluation; statistics","1","DataCamp Module Data Analyst Case Study","DataCamp","data_analysis","data_cleaning; data_visualisation; python; sql","2","module","python; sql","1","3",""
"H004","data_scientist","Beginner Data Scientist","data_scientist","data_cleaning:1; data_visualisation:1; machine_learning:0; model_evaluation:0; python:1; sql:1; statistics:0","machine_learning; model_evaluation; statistics","1","Data Cleaning in SQL and Python","University Open Course","data_cleaning","data_cleaning; python; sql","2","course","python; sql","1","3",""
"H005","software_developer","Intermediate Software Developer","software_developer","apis:0; databases:1; oop:1; programming:2; testing:0; version_control:1","apis; oop; testing","2","Database Clients and ORM Basics","Coursera","databases","apis; databases; programming; sql","2","course","programming; sql","1","2",""
"H006","data_scientist","Beginner Data Scientist","data_scientist","data_cleaning:1; data_visualisation:1; machine_learning:0; model_evaluation:0; python:1; sql:1; statistics:0","machine_learning; model_evaluation; statistics","1","Pandas Data Cleaning Tutorial","YouTube","data_cleaning","data_cleaning; data_visualisation; python","2","video","python","1","3",""
"H007","software_developer","Intermediate Software Developer","software_developer","apis:0; databases:1; oop:1; programming:2; testing:0; version_control:1","apis; oop; testing","2","Git Branching and Collaboration","Atlassian","version_control","testing; version_control","2","tutorial","version_control","1","3",""
"H008","data_scientist","Beginner Data Scientist","data_scientist","data_cleaning:1; data_visualisation:1; machine_learning:0; model_evaluation:0; python:1; sql:1; statistics:0","machine_learning; model_evaluation; statistics","1","Feature Selection and Validation","Kaggle Learn","model_evaluation","machine_learning; model_evaluation; python; statistics","2","tutorial","python; statistics","1","1","skills might be too big a leap going from 0 to 2"
"H009","software_developer","Intermediate Software Developer","software_developer","apis:0; databases:1; oop:1; programming:2; testing:0; version_control:1","apis; oop; testing","2","Mini Project Build a Tested REST API","freeCodeCamp","project","apis; databases; programming; testing","2","project","apis; programming","1","3",""
"H010","data_scientist","Beginner Data Scientist","data_scientist","data_cleaning:1; data_visualisation:1; machine_learning:0; model_evaluation:0; python:1; sql:1; statistics:0","machine_learning; model_evaluation; statistics","1","Mini Project Customer Churn Model","Kaggle Learn","project","data_cleaning; machine_learning; model_evaluation; python","2","project","machine_learning; python","1","3",""
