profile_id,resource_id,relevance_grade
P001,R001,3
P001,R002,1
P001,R003,1
P001,R004,3
P001,R006,3
P001,R007,1
P001,R017,3
P001,R021,1
P001,R024,3
P001,R025,3
P001,R027,2
P001,R028,3
P001,R029,3
P001,R031,3
P001,R032,3
P001,R033,3
P001,R061,3
P001,R062,3
P001,R063,3
P001,R064,3
P001,R065,1
P001,R075,3
P001,R091,2
P001,R092,3
P002,R008,3
P002,R009,3
P002,R010,3
P002,R011,3
P002,R023,3
P002,R036,3
P002,R037,3
P002,R038,3
P002,R039,3
P002,R041,3
P002,R042,3
P002,R043,3
P002,R044,3
P002,R045,3
P002,R060,3
P002,R066,3
P002,R067,3
P002,R068,1
P002,R069,3
P002,R093,3
P002,R094,3
P003,R012,2
P003,R013,3
P003,R014,3
P003,R015,2
P003,R016,3
P003,R022,2
P003,R046,3
P003,R048,3
P003,R049,3
P003,R050,2
P003,R051,3
P003,R052,3
P003,R053,3
P003,R054,3
P003,R055,2
P003,R056,3
P003,R057,3
P003,R070,1
P003,R071,3
P003,R072,2
P003,R073,3
P003,R074,3
P003,R095,3
P003,R096,2
P004,R001,3
P004,R003,3
P004,R004,3
P004,R006,3
P004,R017,3
P004,R021,3
P004,R024,3
P004,R025,1
P004,R026,3
P004,R027,3
P004,R028,3
P004,R029,1
P004,R032,3
P004,R033,2
P004,R034,2
P004,R061,1
P004,R062,3
P004,R063,1
P004,R064,3
P004,R075,3
P004,R091,3
P004,R092,3
P005,R011,3
P005,R038,3
P005,R039,3
P005,R040,3
P005,R041,3
P005,R042,3
P005,R043,3
P005,R044,3
P005,R045,3
P005,R058,3
P005,R060,3
P005,R067,3
P005,R068,3
P005,R069,3
P005,R093,1
P005,R094,3
P006,R005,2
P006,R012,3
P006,R013,3
P006,R014,3
P006,R016,2
P006,R022,3
P006,R034,2
P006,R046,3
P006,R049,3
P006,R050,3
P006,R052,3
P006,R053,1
P006,R055,2
P006,R056,3
P006,R057,2
P006,R070,3
P006,R071,3
P006,R072,2
P006,R073,2
P006,R074,3
P006,R095,3
P006,R096,3
P007,R001,3
P007,R002,3
P007,R003,3
P007,R006,3
P007,R007,3
P007,R017,3
P007,R021,3
P007,R024,2
P007,R025,3
P007,R026,3
P007,R027,1
P007,R028,3
P007,R029,3
P007,R031,3
P007,R032,3
P007,R033,3
P007,R035,1
P007,R061,1
P007,R062,2
P007,R063,3
P007,R064,3
P007,R065,3
P007,R075,3
P007,R091,3
P007,R092,3
P008,R001,1
P008,R002,3
P008,R005,1
P008,R006,3
P008,R007,3
P008,R008,3
P008,R009,1
P008,R017,1
P008,R021,1
P008,R023,3
P008,R029,3
P008,R030,1
P008,R033,3
P008,R035,3
P008,R036,3
P008,R044,3
P008,R061,1
P008,R063,3
P008,R065,3
P008,R066,1
P008,R067,1
P008,R075,3
P008,R080,2
P008,R081,1
P008,R091,2
P008,R093,3
P009,R008,3
P009,R009,3
P009,R011,2
P009,R023,2
P009,R029,1
P009,R035,2
P009,R036,3
P009,R037,3
P009,R038,3
P009,R039,3
P009,R041,3
P009,R042,2
P009,R044,3
P009,R060,3
P009,R066,3
P009,R067,3
P009,R068,3
P009,R069,3
P009,R080,3
P009,R081,3
P009,R088,3
P009,R093,3
P009,R094,3
P010,R001,1
P010,R002,3
P010,R005,2
P010,R012,3
P010,R015,3
P010,R021,3
P010,R027,3
P010,R033,3
P010,R034,3
P010,R048,3
P010,R049,3
P010,R050,2
P010,R055,3
P010,R058,1
P010,R061,2
P010,R062,2
P010,R063,3
P010,R070,3
P010,R071,3
P010,R072,3
P010,R076,3
P010,R077,1
P010,R087,1
P010,R089,3
P010,R095,2
P010,R096,1
P011,R002,1
P011,R011,1
P011,R012,2
P011,R014,3
P011,R015,1
P011,R027,1
P011,R033,1
P011,R034,1
P011,R038,1
P011,R040,2
P011,R043,1
P011,R048,3
P011,R049,3
P011,R050,3
P011,R055,2
P011,R057,3
P011,R058,3
P011,R062,1
P011,R063,1
P011,R069,1
P011,R070,1
P011,R071,3
P011,R072,2
P011,R076,1
P011,R087,3
P011,R089,2
P011,R094,1
P011,R095,3
P011,R096,1
