resource_id,title,provider,topic,skills,difficulty_level,duration_hours,format,prerequisites,cost,popularity_score,quality_score,data_analyst_relevance,ml_engineer_relevance,software_developer_relevance,data_scientist_relevance,data_engineer_relevance,description,source_url,date_checked
R001,SQL for Data Analysis,Coursera,sql,sql;data_cleaning,1,6,course,,paid,0.86,0.88,3,1,1,2,3,Beginner SQL course covering SELECT JOIN aggregation and analytical queries for data roles.,https://www.coursera.org/learn/sql-for-data-science,2026-08-15
R002,Intermediate SQL Queries,DataCamp,sql,sql;databases;data_cleaning,2,5,course,sql,paid,0.78,0.84,3,1,2,2,3,Practice-focused SQL resource for joins subqueries window functions and database querying.,https://www.datacamp.com/courses/reporting-in-sql,2026-08-15
R003,Excel Skills for Business,Coursera,excel,excel;dashboards;data_cleaning,1,8,course,,paid,0.82,0.86,3,0,0,1,2,Spreadsheet skills for cleaning analysing and summarising business data.,https://www.coursera.org/specializations/excel,2026-08-15
R004,Data Visualisation with Tableau,edX,data_visualisation,data_visualisation;dashboards,1,5,course,,paid,0.74,0.82,3,0,0,2,0,Introductory dashboarding and data visualisation with Tableau.,https://www.tableau.com/learn/webinar/critiquing-real-world-dashboards,2026-08-15
R005,Python Basics for Everybody,freeCodeCamp,python,python;programming,1,7,tutorial,,free,0.92,0.83,2,2,2,3,2,Beginner programming tutorial introducing Python syntax functions and basic problem solving.,https://www.freecodecamp.org/learn/scientific-computing-with-python/,2026-08-15
R006,Pandas Data Cleaning Tutorial,YouTube,data_cleaning,python;data_cleaning;data_visualisation,2,3,video,python,free,0.79,0.80,3,2,1,3,3,Hands-on walkthrough for cleaning tabular data with pandas and simple plots.,https://www.youtube.com/watch?v=r-uOLxNrNk8,2026-08-15
R007,Statistics for Data Analytics,Khan Academy,statistics,statistics,1,6,course,,free,0.76,0.81,3,2,1,3,0,Core descriptive statistics probability sampling and interpretation for analytics.,https://www.khanacademy.org/math/statistics-probability,2026-08-15
R008,Applied Machine Learning in Python,Coursera,machine_learning,python;machine_learning;model_evaluation,2,12,course,python;statistics,paid,0.88,0.89,1,3,0,3,2,Supervised learning workflows with model training validation and evaluation in Python.,https://www.coursera.org/learn/python-machine-learning,2026-08-15
R009,Machine Learning Model Evaluation,DataCamp,model_evaluation,machine_learning;model_evaluation;statistics,2,4,course,machine_learning,paid,0.71,0.84,1,3,1,3,0,Focused resource on validation metrics cross-validation and model selection.,https://www.datacamp.com/courses/model-validation-in-python,2026-08-15
R010,Deep Learning Fundamentals,edX,machine_learning,python;machine_learning,3,15,course,python;machine_learning,paid,0.69,0.82,0,3,0,3,2,Advanced introduction to neural networks and deep learning concepts.,https://www.edx.org/learn/deep-learning/ibm-deep-learning-fundamentals-with-keras,2026-08-15
R011,Deploying Machine Learning APIs,Udemy,deployment,python;deployment;apis;machine_learning,3,8,course,python;machine_learning;apis,paid,0.66,0.80,0,3,2,2,2,Build and deploy machine learning prediction services with REST APIs.,https://www.udemy.com/course/deployment-of-machine-learning-models/,2026-08-15
R012,Git and GitHub Crash Course,freeCodeCamp,version_control,version_control,1,2,video,,free,0.91,0.79,1,2,3,2,2,Practical version control workflow using Git commits branches and GitHub.,https://www.youtube.com/watch?v=RGOj5yH7evk,2026-08-15
R013,Object-Oriented Programming in Java,Coursera,oop,programming;oop,2,10,course,programming,paid,0.73,0.84,0,1,3,0,2,Programming course covering classes inheritance encapsulation and object-oriented design.,https://www.coursera.org/learn/object-oriented-java,2026-08-15
R014,REST API Development with Flask,YouTube,apis,python;apis;deployment;programming,2,4,tutorial,python,free,0.77,0.78,0,2,3,1,2,Build REST endpoints and simple backend services using Flask.,https://www.youtube.com/watch?v=z3YMz-Gocmw,2026-08-15
R015,Database Design and SQL,edX,databases,sql;databases,2,9,course,sql,paid,0.72,0.85,2,1,3,2,3,Relational modelling normalisation database design and SQL implementation.,https://www.edx.org/learn/sql/edx-try-it-learn-sql,2026-08-15
R016,Software Testing Fundamentals,Udacity,testing,testing;programming,1,5,course,programming,free,0.67,0.80,0,1,3,1,2,Testing concepts test cases unit tests and software quality practices.,https://www.udacity.com/course/software-testing--cs258,2026-08-15
R017,Python for Data Visualisation,DataCamp,data_visualisation,python;data_visualisation;dashboards,2,4,course,python,paid,0.75,0.83,3,2,0,2,0,Use Python libraries to create charts dashboards and exploratory data visualisations.,https://www.datacamp.com/courses/introduction-to-data-visualization-with-matplotlib,2026-08-15
R018,Data Analyst Career Track,DataCamp,career_path,sql;python;statistics;data_visualisation;dashboards;data_cleaning,2,40,career_track,,paid,0.84,0.87,3,1,0,2,1,Structured data analyst pathway covering SQL Python statistics visualisation and projects.,https://www.datacamp.com/tracks/data-analyst-with-python,2026-08-15
R019,Machine Learning Engineer Career Track,DataCamp,career_path,python;machine_learning;model_evaluation;deployment;apis,3,45,career_track,python;statistics,paid,0.80,0.86,0,3,1,2,1,Structured pathway for ML engineering from modelling to deployment.,https://www.datacamp.com/tracks/machine-learning-engineer,2026-08-15
R020,Full Stack Developer Curriculum,freeCodeCamp,career_path,programming;apis;databases;testing;version_control,2,60,career_track,,free,0.89,0.84,0,1,3,0,2,Project-based software development curriculum covering frontend backend APIs databases and testing.,https://www.freecodecamp.org/learn/full-stack-developer/,2026-08-15
R021,Intro to Data Cleaning with OpenRefine,University Open Course,data_cleaning,data_cleaning,1,3,course,,free,0.53,0.76,3,1,0,3,3,Short open course on cleaning messy datasets and preparing data for analysis.,https://openrefine.org/docs/manual/cellediting,2026-08-15
R022,Python Project Build a CLI App,YouTube,programming,python;programming;version_control,1,3,project,python,free,0.62,0.77,1,1,3,1,3,Beginner project applying Python programming and Git workflow to build a command-line tool.,https://realpython.com/python-typer-cli/,2026-08-15
R023,Practical Feature Engineering,Kaggle Learn,machine_learning,python;data_cleaning;machine_learning;model_evaluation,2,4,tutorial,python;statistics,free,0.70,0.82,1,3,0,3,2,Hands-on feature engineering for improving machine learning model performance.,https://www.kaggle.com/learn/feature-engineering,2026-08-15
R024,Dashboard Design Principles,University Open Course,dashboards,data_visualisation;dashboards,1,2,course,,free,0.58,0.78,3,0,0,1,1,Design principles for readable dashboards charts and analytical communication.,https://help.tableau.com/current/pro/desktop/en-us/dashboards_best_practices.htm,2026-08-15
R025,Google Data Analytics Foundations,Coursera,data_analytics,excel;sql;data_visualisation;data_cleaning,1,10,course,,paid,0.90,0.85,3,0,0,2,3,Foundation course for data analysis process spreadsheets SQL and visual communication.,https://www.coursera.org/learn/foundations-data,2026-08-15
R026,IBM Data Analyst Capstone,Coursera,data_analytics,python;sql;excel;data_visualisation;dashboards,2,12,project,python;sql,paid,0.79,0.86,3,1,0,2,3,Capstone-style data analyst project applying Python SQL spreadsheets and dashboards.,https://www.coursera.org/learn/ibm-data-analyst-capstone-project,2026-08-15
R027,SQL Joins and Aggregations,DataCamp,sql,sql;databases,1,3,course,sql,paid,0.80,0.82,3,1,2,2,3,Focused practice on SQL joins grouping filtering and aggregation.,https://www.datacamp.com/courses/joining-data-in-sql,2026-08-15
R028,Power BI Dashboard Basics,DataCamp,dashboards,dashboards;data_visualisation;data_cleaning,1,5,course,,paid,0.77,0.82,3,0,0,1,2,Beginner dashboarding resource using Power BI for business reporting.,https://www.datacamp.com/courses/introduction-to-power-bi,2026-08-15
R029,Exploratory Data Analysis in Python,Kaggle Learn,data_analysis,python;statistics;data_visualisation;data_cleaning,2,4,tutorial,python,free,0.83,0.84,3,2,0,3,2,Exploratory analysis workflow using Python summaries visualisations and data cleaning.,https://www.kaggle.com/learn/data-visualization,2026-08-15
R030,Introduction to NumPy,DataCamp,python,python;programming,1,4,course,python,paid,0.74,0.80,2,2,1,3,2,Numerical Python basics for arrays vectorised operations and analytical computing.,https://www.datacamp.com/courses/introduction-to-numpy,2026-08-15
R031,Business Statistics and A B Testing,edX,statistics,statistics;data_visualisation,2,8,course,statistics,paid,0.65,0.81,3,2,0,3,0,Applied statistics hypothesis testing and experiment interpretation for business decisions.,https://www.edx.org/learn/python/ibm-introduction-to-statistics-for-data-science-using-python,2026-08-15
R032,Data Storytelling with Visuals,Coursera,data_visualisation,data_visualisation;dashboards,1,4,course,,paid,0.70,0.80,3,0,0,2,0,Communicating insights using charts dashboards and structured data narratives.,https://www.coursera.org/learn/datavisualization,2026-08-15
R033,Data Cleaning in SQL and Python,University Open Course,data_cleaning,sql;python;data_cleaning,2,6,course,python;sql,free,0.61,0.79,3,2,1,3,3,Cleaning tabular data with SQL transformations and Python preprocessing scripts.,https://realpython.com/python-data-cleaning-numpy-pandas/,2026-08-15
R034,Relational Databases for Beginners,freeCodeCamp,databases,sql;databases,1,8,tutorial,,free,0.87,0.80,2,1,3,2,3,Build database knowledge through relational modelling SQL tables and queries.,https://www.freecodecamp.org/learn/relational-database/,2026-08-15
R035,Python Data Science Handbook,University Open Course,python,python;statistics;data_visualisation;machine_learning,2,14,course,python,free,0.82,0.86,2,3,0,3,2,Broad Python data science material covering analysis visualisation and modelling.,https://jakevdp.github.io/PythonDataScienceHandbook/,2026-08-15
R036,Supervised Learning with Scikit Learn,DataCamp,machine_learning,python;machine_learning;model_evaluation,2,5,course,python;statistics,paid,0.81,0.86,1,3,0,3,2,Train and evaluate supervised models using common Python machine learning workflows.,https://www.datacamp.com/courses/supervised-learning-with-scikit-learn,2026-08-15
R037,Unsupervised Learning in Python,DataCamp,machine_learning,python;machine_learning;model_evaluation,2,4,course,python;statistics,paid,0.69,0.82,0,3,0,3,2,Clustering dimensionality reduction and unsupervised pattern discovery in Python.,https://www.datacamp.com/courses/unsupervised-learning-in-python,2026-08-15
R038,Machine Learning Pipelines,Coursera,machine_learning,python;machine_learning;model_evaluation;deployment,3,9,course,python;machine_learning,paid,0.72,0.85,0,3,1,3,2,Pipeline design for preprocessing training evaluation and deployment readiness.,https://www.coursera.org/learn/building-scaling-ml-pipelines,2026-08-15
R039,MLOps Fundamentals,DataCamp,deployment,python;deployment;machine_learning;model_evaluation;version_control,3,7,course,python;machine_learning,paid,0.76,0.84,0,3,1,2,2,Operational machine learning concepts including model lifecycle tracking and monitoring.,https://www.datacamp.com/courses/mlops-concepts,2026-08-15
R040,Docker for Machine Learning,YouTube,deployment,deployment;machine_learning;apis,3,4,video,python;machine_learning,free,0.60,0.76,0,3,2,2,2,Containerise machine learning applications for reproducible deployment.,https://www.youtube.com/watch?v=mUnrWn6flfc,2026-08-15
R041,MLflow Experiment Tracking,DataCamp,model_evaluation,python;machine_learning;model_evaluation;deployment,3,5,course,machine_learning,paid,0.64,0.81,0,3,0,3,0,Track experiments parameters metrics and model artifacts for ML workflows.,https://www.datacamp.com/courses/introduction-to-mlflow,2026-08-15
R042,Model Monitoring and Drift,University Open Course,model_evaluation,machine_learning;model_evaluation;deployment,3,5,course,machine_learning,free,0.55,0.78,0,3,0,3,0,Monitor deployed models and detect performance changes and data drift.,https://www.datacamp.com/courses/monitoring-machine-learning-concepts,2026-08-15
R043,Flask for Model Serving,Coursera,deployment,python;apis;deployment;machine_learning,2,6,course,python,paid,0.67,0.80,0,3,3,2,2,Build Python web services for model serving and simple API integration.,https://www.coursera.org/learn/deploying-machine-learning-models,2026-08-15
R044,Feature Selection and Validation,Kaggle Learn,model_evaluation,python;machine_learning;model_evaluation;statistics,2,3,tutorial,python;statistics,free,0.71,0.81,1,3,0,3,0,Improve ML models through validation feature selection and performance comparison.,https://www.kaggle.com/learn/intermediate-machine-learning,2026-08-15
R045,Deep Learning with PyTorch,edX,machine_learning,python;machine_learning,3,14,course,python;machine_learning,paid,0.74,0.84,0,3,0,3,2,Neural network implementation and deep learning workflows using PyTorch.,https://www.edx.org/course/deep-learning-with-python-and-pytorch,2026-08-15
R046,Python Software Development,DataCamp,programming,python;programming;oop;testing,2,6,course,python,paid,0.70,0.82,0,1,3,1,2,Develop maintainable Python programs using functions classes and testing practices.,https://campus.datacamp.com/courses/software-engineering-principles-in-python/software-engineering-data-science?ex=1,2026-08-15
R047,JavaScript Algorithms and Data Structures,freeCodeCamp,programming,programming;testing,1,30,career_track,,free,0.88,0.82,0,0,3,0,2,Core programming and algorithm practice for software development foundations.,https://www.freecodecamp.org/learn/javascript-algorithms-and-data-structures-v8/,2026-08-15
R048,Back End Development and APIs,freeCodeCamp,apis,programming;apis;testing;databases,2,25,career_track,programming,free,0.86,0.83,0,1,3,0,2,Backend curriculum covering APIs microservices databases and quality assurance.,https://www.freecodecamp.org/learn/back-end-development-and-apis/,2026-08-15
R049,Meta Back End Developer Foundations,Coursera,programming,programming;apis;databases;version_control,2,20,course,programming,paid,0.82,0.85,0,1,3,0,2,Backend developer pathway topics including version control APIs databases and server development.,https://www.coursera.org/learn/introduction-to-back-end-development,2026-08-15
R050,Django Web Framework,Coursera,apis,python;apis;databases;programming,2,8,course,python,paid,0.73,0.82,0,1,3,1,2,Web development course building server-side applications with Django and databases.,https://www.coursera.org/learn/django-web-framework,2026-08-15
R051,API Testing with Postman,Udemy,testing,apis;testing,2,4,course,apis,paid,0.63,0.78,0,1,3,0,2,Test REST APIs with request collections validation and debugging workflows.,https://www.udemy.com/course/postman-the-complete-guide/,2026-08-15
R052,Unit Testing in Python,University Open Course,testing,python;testing;programming,1,4,course,python,free,0.59,0.79,0,1,3,1,2,Write unit tests assertions and testable Python code for software quality.,https://docs.python.org/3/library/unittest.html,2026-08-15
R053,Git Branching and Collaboration,Atlassian,version_control,version_control;testing,2,3,tutorial,version_control,free,0.72,0.80,1,2,3,2,2,Team workflow with branches pull requests code review and release coordination.,https://www.atlassian.com/git/tutorials/comparing-workflows/feature-branch-workflow,2026-08-15
R054,Object Oriented Design Patterns,Coursera,oop,oop;programming;testing,3,9,course,oop,paid,0.66,0.82,0,1,3,0,2,Reusable object-oriented design patterns and software design principles.,https://www.coursera.org/learn/design-patterns,2026-08-15
R055,Database Clients and ORM Basics,Coursera,databases,databases;sql;apis;programming,2,6,course,sql;programming,paid,0.62,0.80,1,1,3,1,3,Access relational databases from applications using clients ORM concepts and queries.,https://www.coursera.org/learn/django-database-web-apps,2026-08-15
R056,Software Engineering Principles,edX,programming,programming;testing;version_control;oop,2,10,course,programming,paid,0.69,0.83,0,1,3,1,2,Software engineering practices for design maintainability testing and collaboration.,https://www.edx.org/learn/software-engineering/technische-universitat-munchen-software-engineering-essentials,2026-08-15
R057,Build a REST API Project,YouTube,apis,apis;programming;testing;databases,2,5,project,programming,free,0.65,0.78,0,1,3,0,3,Project-based backend API with routes validation persistence and tests.,https://www.youtube.com/watch?v=z3YMz-Gocmw,2026-08-15
R058,Introduction to Cloud Deployment,Coursera,deployment,deployment;apis;version_control,2,7,course,programming,paid,0.61,0.79,0,2,2,2,2,Deploy simple applications using cloud workflows version control and service configuration.,https://www.coursera.org/learn/introduction-to-cloud,2026-08-15
R059,Capstone Software Developer Portfolio,freeCodeCamp,career_path,programming;apis;databases;testing;version_control;oop,3,20,project,programming;apis;databases,free,0.76,0.84,0,1,3,0,3,Portfolio project combining backend APIs databases testing version control and deployment.,https://www.freecodecamp.org/learn/back-end-development-and-apis/back-end-development-and-apis-projects/exercise-tracker,2026-08-15
R060,Applied Recommender Systems,Coursera,recommender_systems,python;machine_learning;model_evaluation,3,8,course,python;machine_learning,paid,0.64,0.82,1,3,0,3,2,Implement and evaluate similarity-based and model-based recommender systems.,https://www.coursera.org/learn/recommender-systems-introduction,2026-08-15
R061,DataCamp Module SQL Filtering and Sorting,DataCamp,sql,sql,1,2,module,sql,paid,0.76,0.82,3,1,2,2,3,Short module from a data analyst style path focused on filtering sorting and retrieving SQL data.,https://www.datacamp.com/courses/introduction-to-sql,2026-08-15
R062,DataCamp Module SQL Joins for Analysis,DataCamp,sql,sql;databases,2,2,module,sql,paid,0.74,0.83,3,1,2,2,3,Targeted SQL module covering joins used in analytical workflows.,https://www.datacamp.com/courses/joining-data-in-sql,2026-08-15
R063,DataCamp Module Cleaning Data with pandas,DataCamp,data_cleaning,python;data_cleaning,2,3,module,python,paid,0.73,0.82,3,2,1,3,3,Focused module for cleaning missing values duplicates and inconsistent tabular data with pandas.,https://www.datacamp.com/courses/cleaning-data-in-python,2026-08-15
R064,DataCamp Module Tableau Dashboard Layouts,DataCamp,dashboards,data_visualisation;dashboards,1,2,module,,paid,0.69,0.80,3,0,0,1,1,Targeted dashboard module for creating readable Tableau dashboard layouts.,https://www.datacamp.com/courses/data-visualization-in-tableau,2026-08-15
R065,DataCamp Module Statistical Thinking,DataCamp,statistics,statistics,1,3,module,,paid,0.70,0.82,3,2,0,3,0,Short statistics module covering distributions uncertainty and analytical reasoning.,https://www.datacamp.com/courses/statistical-thinking-in-python-part-1,2026-08-15
R066,DataCamp Module Supervised Learning Basics,DataCamp,machine_learning,python;machine_learning;model_evaluation,2,3,module,python;statistics,paid,0.77,0.84,1,3,0,3,2,Targeted module for supervised learning workflow and basic model evaluation.,https://www.datacamp.com/courses/supervised-learning-with-scikit-learn,2026-08-15
R067,DataCamp Module Model Validation,DataCamp,model_evaluation,machine_learning;model_evaluation;statistics,2,2,module,machine_learning,paid,0.72,0.83,1,3,0,3,0,Focused validation module covering train test splits cross-validation and evaluation metrics.,https://www.datacamp.com/courses/model-validation-in-python,2026-08-15
R068,DataCamp Module Intro to MLOps,DataCamp,deployment,deployment;machine_learning;model_evaluation,3,3,module,machine_learning,paid,0.68,0.82,0,3,1,2,2,Short module introducing MLOps model lifecycle tracking and deployment considerations.,https://www.datacamp.com/courses/mlops-concepts,2026-08-15
R069,DataCamp Module ML API Deployment,DataCamp,deployment,python;deployment;apis;machine_learning,3,3,module,python;machine_learning;apis,paid,0.66,0.81,0,3,2,2,2,Targeted module for deploying a trained machine learning model behind an API.,https://campus.datacamp.com/courses/mlops-concepts/deploying-machine-learning-into-production?ex=1,2026-08-15
R070,freeCodeCamp Module Git Basics,freeCodeCamp,version_control,version_control,1,2,module,,free,0.84,0.80,1,2,3,2,2,Specific version control module covering commits branches and repository workflow.,https://www.freecodecamp.org/learn/relational-database/learn-git-by-building-an-sql-reference-object/build-an-sql-reference-object,2026-08-15
R071,freeCodeCamp Module API Routes,freeCodeCamp,apis,programming;apis,2,3,module,programming,free,0.80,0.81,0,1,3,0,2,Focused backend module for creating API routes and request handlers.,https://www.freecodecamp.org/learn/back-end-development-and-apis/basic-node-and-express/meet-the-node-console,2026-08-15
R072,freeCodeCamp Module Database Projects,freeCodeCamp,databases,databases;sql;programming,2,4,module,programming;sql,free,0.78,0.82,1,1,3,1,3,Specific module applying relational databases in backend projects.,https://www.freecodecamp.org/learn/relational-database/#build-a-student-database-part-1,2026-08-15
R073,freeCodeCamp Module Quality Assurance Testing,freeCodeCamp,testing,testing;programming;apis,2,3,module,programming,free,0.75,0.80,0,1,3,0,2,Focused testing module for backend quality assurance and API tests.,https://www.freecodecamp.org/learn/quality-assurance/quality-assurance-and-testing-with-chai/learn-how-javascript-assertions-work,2026-08-15
R074,freeCodeCamp Module Object Oriented JavaScript,freeCodeCamp,oop,programming;oop,2,3,module,programming,free,0.76,0.81,0,1,3,0,2,Targeted object-oriented programming module for software developer foundations.,https://www.freecodecamp.org/learn/javascript-algorithms-and-data-structures-v8/#learn-basic-object-oriented-programming-by-building-a-shopping-cart,2026-08-15
R075,DataCamp Module Data Analyst Case Study,DataCamp,data_analysis,sql;python;data_visualisation;data_cleaning,2,4,module,sql;python,paid,0.71,0.84,3,1,0,3,3,Short case-study module applying SQL Python cleaning and visualisation to an analyst task.,https://www.datacamp.com/courses/analyzing-business-data-in-sql,2026-08-15
R076,SQL Tutorial Full Database Course for Beginners,freeCodeCamp,sql,sql;databases,1,4,youtube,,free,0.88,0.80,3,1,2,2,3,Optional long-form YouTube explanation for learners who want a beginner-friendly SQL walkthrough.,https://www.youtube.com/watch?v=HXV3zeQKqGY,2026-08-15
R077,What is SQL and How Is It Used,IBM SkillsBuild,sql,sql;databases,1,1,article,,free,0.63,0.78,3,1,2,2,3,Optional reading that explains what SQL is and why it matters for data and software roles.,https://www.ibm.com/think/topics/sql,2026-08-15
R078,Storytelling with Data Blog Articles,Storytelling with Data,data_visualisation,data_visualisation;dashboards,1,1,reading,,free,0.66,0.82,3,0,0,2,0,Optional reading series for understanding how to communicate insights clearly with charts.,https://www.storytellingwithdata.com/blog/explaining-charts,2026-08-15
R079,The Art of Data Visualization,YouTube,data_visualisation,data_visualisation;dashboards,1,1,video_essay,,free,0.64,0.78,3,0,0,2,0,Optional visual explainer about why chart design and narrative matter in analytics.,https://www.youtube.com/watch?v=5Zg-C8AAIGg,2026-08-15
R080,StatQuest Cross Validation Clearly Explained,StatQuest,model_evaluation,statistics;model_evaluation;machine_learning,2,1,youtube,statistics,free,0.82,0.86,1,3,0,3,0,Optional intuitive explanation of cross-validation and why model evaluation matters.,https://www.youtube.com/watch?v=fSytzGwwBVw,2026-08-15
R081,StatQuest Precision Recall and ROC Curves,StatQuest,model_evaluation,statistics;model_evaluation;machine_learning,2,1,youtube,statistics,free,0.80,0.86,1,3,0,3,0,Optional explainer for classification metrics and model comparison concepts.,https://www.youtube.com/watch?v=4jRBRDbJemM,2026-08-15
R082,But What Is a Neural Network,3Blue1Brown,machine_learning,machine_learning,2,1,video_essay,,free,0.86,0.88,0,3,0,3,1,Optional visual video essay explaining neural networks intuitively.,https://www.youtube.com/watch?v=aircAruvnKk,2026-08-15
R083,Gradient Descent How Neural Networks Learn,3Blue1Brown,machine_learning,machine_learning;statistics,2,1,video_essay,machine_learning,free,0.84,0.88,0,3,0,3,1,Optional visual explanation of gradient descent and learning in neural networks.,https://www.youtube.com/watch?v=IHZwWFHWa-w,2026-08-15
R084,What is an API,IBM SkillsBuild,apis,apis;programming,1,1,article,,free,0.62,0.78,0,1,3,1,2,Optional reading explaining APIs and how applications communicate.,https://www.ibm.com/think/topics/api,2026-08-15
R085,REST API Concepts Explained,freeCodeCamp,apis,apis;programming,1,1,youtube,,free,0.75,0.80,0,1,3,1,2,Optional YouTube explanation of REST API concepts and backend request flow.,https://www.freecodecamp.org/news/rest-api-design-best-practices-build-a-rest-api/,2026-08-15
R086,Git Explained in 100 Seconds,Fireship,version_control,version_control,1,0.5,youtube,,free,0.79,0.80,1,1,3,2,2,Optional short explainer for understanding Git concepts quickly.,https://www.youtube.com/watch?v=hwP7WQkmECE,2026-08-15
R087,Docker Explained Visually,Fireship,deployment,deployment;apis,2,0.5,youtube,,free,0.74,0.80,0,3,2,2,2,Optional short explanation of containers and why deployment uses Docker.,https://www.youtube.com/watch?v=Gjnup-PuquQ,2026-08-15
R088,What is MLOps,Google Cloud,deployment,deployment;machine_learning;model_evaluation,2,1,article,machine_learning,free,0.68,0.82,0,3,1,2,2,Optional reading that explains the ML lifecycle and operational machine learning.,https://cloud.google.com/architecture/mlops-continuous-delivery-and-automation-pipelines-in-machine-learning,2026-08-15
R089,How Databases Work,Computerphile,databases,databases;sql,1,1,video_essay,,free,0.70,0.80,1,0,3,2,3,Optional conceptual video about databases and how data is stored and queried.,https://www.youtube.com/watch?v=wR0jg0eQsZA,2026-08-15
R090,Testing Explained for Beginners,freeCodeCamp,testing,testing;programming,1,1,youtube,programming,free,0.72,0.80,0,1,3,0,2,Optional tutorial-style explanation of why testing matters in software development.,https://www.youtube.com/watch?v=u6QfIXgjwGQ,2026-08-15
R091,Mini Project Analyse Sales Data with SQL,Coursera,project,sql;data_cleaning;statistics,1,3,project,sql,paid,0.70,0.83,3,1,0,2,3,Small analyst project using SQL to clean summarize and interpret sales data.,https://www.coursera.org/learn/sql-data-science-capstone,2026-08-15
R092,Mini Project Build an Interactive Dashboard,DataCamp,project,data_visualisation;dashboards;data_cleaning,1,3,project,data_visualisation,paid,0.69,0.82,3,0,0,1,2,Small dashboard project for turning cleaned data into a simple business report.,https://www.datacamp.com/tutorial/power-bi-dashboard-tutorial,2026-08-15
R093,Mini Project Customer Churn Model,Kaggle Learn,project,python;machine_learning;model_evaluation;data_cleaning,2,4,project,python;machine_learning,free,0.72,0.84,1,3,0,3,2,Practical ML project training and evaluating a churn prediction model.,https://www.kaggle.com/datasets/blastchar/telco-customer-churn,2026-08-15
R094,Mini Project Deploy a Prediction API,Coursera,project,python;machine_learning;deployment;apis,3,4,project,python;machine_learning;apis,paid,0.66,0.82,0,3,2,2,3,Small ML engineering project serving a trained model through an API.,https://www.coursera.org/learn/deploying-machine-learning-models,2026-08-15
R095,Mini Project Build a Tested REST API,freeCodeCamp,project,apis;databases;testing;programming,2,4,project,programming;apis,free,0.74,0.83,0,1,3,0,3,Software developer project building a REST API with persistence and basic tests.,https://www.freecodecamp.org/learn/back-end-development-and-apis/back-end-development-and-apis-projects/exercise-tracker,2026-08-15
R096,Mini Project Version-Controlled CLI Tool,YouTube,project,python;programming;version_control;testing,1,3,project,python,free,0.68,0.80,1,1,3,1,3,Small project building a command-line tool with Git workflow and simple tests.,https://realpython.com/python-typer-cli/,2026-08-15
