dimension,category,total_items,definite_decisions,uncertain_decisions,agreements,disagreements,agreement_rate
overall,all,40,40,0,34,6,0.8500
pathway,data_analyst,8,8,0,5,3,0.6250
pathway,data_engineer,8,8,0,7,1,0.8750
pathway,data_scientist,8,8,0,8,0,1.0000
pathway,ml_engineer,8,8,0,8,0,1.0000
pathway,software_developer,8,8,0,6,2,0.7500
selection_reason,balanced_fallback,5,5,0,5,0,1.0000
selection_reason,not_relevant_not_recommended,10,10,0,8,2,0.8000
selection_reason,recommended_not_relevant,5,5,0,2,3,0.4000
selection_reason,recommended_relevant,10,10,0,10,0,1.0000
selection_reason,relevant_not_recommended,10,10,0,9,1,0.9000
confidence,1,6,6,0,4,2,0.6667
confidence,2,7,7,0,5,2,0.7143
confidence,3,27,27,0,25,2,0.9259
