grading_item_id,pathway,profile_name,current_skills,completed_topics,weak_skills,preferred_difficulty,resource_title,provider,topic,skills,resource_difficulty,duration_hours,format,prerequisites,cost,description,relevance_grade,reviewer_confidence,reviewer_notes
G001,software_developer,Intermediate Software Developer,apis:0;databases:1;oop:1;programming:2;testing:0;version_control:1,databases;programming,apis;oop;testing,2,freeCodeCamp Module Object Oriented JavaScript,freeCodeCamp,oop,oop;programming,2,3.0,module,programming,free,Targeted object-oriented programming module for software developer foundations.,,,
G002,ml_engineer,Intermediate ML Engineer,apis:0;deployment:0;machine_learning:1;model_evaluation:0;python:2;statistics:1,python;statistics,deployment;machine_learning;model_evaluation,2,Unsupervised Learning in Python,DataCamp,machine_learning,machine_learning;model_evaluation;python,2,4.0,course,python;statistics,paid,Clustering dimensionality reduction and unsupervised pattern discovery in Python.,,,
G003,data_engineer,Intermediate Data Engineer,apis:1;data_cleaning:2;databases:2;deployment:0;programming:1;python:2;sql:2;version_control:1,data_cleaning;databases;python;sql,apis;deployment;version_control,2,Back End Development and APIs,freeCodeCamp,apis,apis;databases;programming;testing,2,25.0,career_track,programming,free,Backend curriculum covering APIs microservices databases and quality assurance.,,,
G004,data_scientist,Beginner Data Scientist,data_cleaning:1;data_visualisation:1;machine_learning:0;model_evaluation:0;python:1;sql:1;statistics:0,python;sql,machine_learning;model_evaluation;statistics,1,SQL for Data Analysis,Coursera,sql,data_cleaning;sql,1,6.0,course,,paid,Beginner SQL course covering SELECT JOIN aggregation and analytical queries for data roles.,,,
G005,software_developer,Beginner Software Developer,apis:0;databases:0;oop:0;programming:1;testing:0;version_control:0,programming,apis;databases;oop;testing;version_control,1,Object-Oriented Programming in Java,Coursera,oop,oop;programming,2,10.0,course,programming,paid,Programming course covering classes inheritance encapsulation and object-oriented design.,,,
G006,data_engineer,Intermediate Data Engineer,apis:1;data_cleaning:2;databases:2;deployment:0;programming:1;python:2;sql:2;version_control:1,data_cleaning;databases;python;sql,apis;deployment;version_control,2,Docker for Machine Learning,YouTube,deployment,apis;deployment;machine_learning,3,4.0,video,machine_learning;python,free,Containerise machine learning applications for reproducible deployment.,,,
G007,data_analyst,Beginner Data Analyst,data_cleaning:1;data_visualisation:0;excel:2;python:2;sql:0;statistics:1,excel;python,data_visualisation;sql;statistics,1,Excel Skills for Business,Coursera,excel,dashboards;data_cleaning;excel,1,8.0,course,,paid,Spreadsheet skills for cleaning analysing and summarising business data.,,,
G008,data_analyst,Beginner Data Analyst,data_cleaning:1;data_visualisation:0;excel:2;python:2;sql:0;statistics:1,excel;python,data_visualisation;sql;statistics,1,SQL for Data Analysis,Coursera,sql,data_cleaning;sql,1,6.0,course,,paid,Beginner SQL course covering SELECT JOIN aggregation and analytical queries for data roles.,,,
G009,software_developer,Beginner Software Developer,apis:0;databases:0;oop:0;programming:1;testing:0;version_control:0,programming,apis;databases;oop;testing;version_control,1,Python Software Development,DataCamp,programming,oop;programming;python;testing,2,6.0,course,python,paid,Develop maintainable Python programs using functions classes and testing practices.,,,
G010,data_analyst,Intermediate Data Analyst,dashboards:0;data_visualisation:1;excel:2;python:0;sql:1;statistics:1,excel;sql,dashboards;data_cleaning;python,1,Data Visualisation with Tableau,edX,data_visualisation,dashboards;data_visualisation,1,5.0,course,,paid,Introductory dashboarding and data visualisation with Tableau.,,,
G011,data_scientist,Beginner Data Scientist,data_cleaning:1;data_visualisation:1;machine_learning:0;model_evaluation:0;python:1;sql:1;statistics:0,python;sql,machine_learning;model_evaluation;statistics,1,Introduction to NumPy,DataCamp,python,programming;python,1,4.0,course,python,paid,Numerical Python basics for arrays vectorised operations and analytical computing.,,,
G012,data_scientist,Beginner Data Scientist,data_cleaning:1;data_visualisation:1;machine_learning:0;model_evaluation:0;python:1;sql:1;statistics:0,python;sql,machine_learning;model_evaluation;statistics,1,StatQuest Cross Validation Clearly Explained,StatQuest,model_evaluation,machine_learning;model_evaluation;statistics,2,1.0,youtube,statistics,free,Optional intuitive explanation of cross-validation and why model evaluation matters.,,,
G013,data_engineer,Beginner Data Engineer,apis:0;data_cleaning:1;databases:0;deployment:0;python:1;sql:1;version_control:0,python;sql,apis;data_cleaning;databases;deployment;version_control,1,freeCodeCamp Module Git Basics,freeCodeCamp,version_control,version_control,1,2.0,module,,free,Specific version control module covering commits branches and repository workflow.,,,
G014,data_analyst,Advanced Data Analyst,dashboards:0;data_cleaning:0;data_visualisation:1;python:1;sql:1;statistics:0,python;sql,dashboards;data_cleaning;statistics,2,SQL for Data Analysis,Coursera,sql,data_cleaning;sql,1,6.0,course,,paid,Beginner SQL course covering SELECT JOIN aggregation and analytical queries for data roles.,,,
G015,software_developer,Beginner Software Developer,apis:0;databases:0;oop:0;programming:1;testing:0;version_control:0,programming,apis;databases;oop;testing;version_control,1,freeCodeCamp Module Quality Assurance Testing,freeCodeCamp,testing,apis;programming;testing,2,3.0,module,programming,free,Focused testing module for backend quality assurance and API tests.,,,
G016,data_scientist,Beginner Data Scientist,data_cleaning:1;data_visualisation:1;machine_learning:0;model_evaluation:0;python:1;sql:1;statistics:0,python;sql,machine_learning;model_evaluation;statistics,1,DataCamp Module SQL Filtering and Sorting,DataCamp,sql,sql,1,2.0,module,sql,paid,Short module from a data analyst style path focused on filtering sorting and retrieving SQL data.,,,
G017,ml_engineer,Intermediate ML Engineer,apis:0;deployment:0;machine_learning:1;model_evaluation:0;python:2;statistics:1,python;statistics,deployment;machine_learning;model_evaluation,2,DataCamp Module ML API Deployment,DataCamp,deployment,apis;deployment;machine_learning;python,3,3.0,module,apis;machine_learning;python,paid,Targeted module for deploying a trained machine learning model behind an API.,,,
G018,data_scientist,Intermediate Data Scientist,data_cleaning:2;data_visualisation:1;machine_learning:1;model_evaluation:0;python:2;sql:2;statistics:2,data_cleaning;python;sql;statistics,machine_learning;model_evaluation,2,Machine Learning Pipelines,Coursera,machine_learning,deployment;machine_learning;model_evaluation;python,3,9.0,course,machine_learning;python,paid,Pipeline design for preprocessing training evaluation and deployment readiness.,,,
G019,data_scientist,Beginner Data Scientist,data_cleaning:1;data_visualisation:1;machine_learning:0;model_evaluation:0;python:1;sql:1;statistics:0,python;sql,machine_learning;model_evaluation;statistics,1,Exploratory Data Analysis in Python,Kaggle Learn,data_analysis,data_cleaning;data_visualisation;python;statistics,2,4.0,tutorial,python,free,Exploratory analysis workflow using Python summaries visualisations and data cleaning.,,,
G020,data_engineer,Intermediate Data Engineer,apis:1;data_cleaning:2;databases:2;deployment:0;programming:1;python:2;sql:2;version_control:1,data_cleaning;databases;python;sql,apis;deployment;version_control,2,Deploying Machine Learning APIs,Udemy,deployment,apis;deployment;machine_learning;python,3,8.0,course,apis;machine_learning;python,paid,Build and deploy machine learning prediction services with REST APIs.,,,
G021,ml_engineer,Intermediate ML Engineer,apis:0;deployment:0;machine_learning:1;model_evaluation:0;python:2;statistics:1,python;statistics,deployment;machine_learning;model_evaluation,2,DataCamp Module Intro to MLOps,DataCamp,deployment,deployment;machine_learning;model_evaluation,3,3.0,module,machine_learning,paid,Short module introducing MLOps model lifecycle tracking and deployment considerations.,,,
G022,data_analyst,Advanced Data Analyst,dashboards:0;data_cleaning:0;data_visualisation:1;python:1;sql:1;statistics:0,python;sql,dashboards;data_cleaning;statistics,2,DataCamp Module SQL Filtering and Sorting,DataCamp,sql,sql,1,2.0,module,sql,paid,Short module from a data analyst style path focused on filtering sorting and retrieving SQL data.,,,
G023,data_scientist,Intermediate Data Scientist,data_cleaning:2;data_visualisation:1;machine_learning:1;model_evaluation:0;python:2;sql:2;statistics:2,data_cleaning;python;sql;statistics,machine_learning;model_evaluation,2,DataCamp Module Supervised Learning Basics,DataCamp,machine_learning,machine_learning;model_evaluation;python,2,3.0,module,python;statistics,paid,Targeted module for supervised learning workflow and basic model evaluation.,,,
G024,data_analyst,Advanced Data Analyst,dashboards:0;data_cleaning:0;data_visualisation:1;python:1;sql:1;statistics:0,python;sql,dashboards;data_cleaning;statistics,2,Python Data Science Handbook,University Open Course,python,data_visualisation;machine_learning;python;statistics,2,14.0,course,python,free,Broad Python data science material covering analysis visualisation and modelling.,,,
G025,software_developer,Intermediate Software Developer,apis:0;databases:1;oop:1;programming:2;testing:0;version_control:1,databases;programming,apis;oop;testing,2,Django Web Framework,Coursera,apis,apis;databases;programming;python,2,8.0,course,python,paid,Web development course building server-side applications with Django and databases.,,,
G026,software_developer,Intermediate Software Developer,apis:0;databases:1;oop:1;programming:2;testing:0;version_control:1,databases;programming,apis;oop;testing,2,freeCodeCamp Module Git Basics,freeCodeCamp,version_control,version_control,1,2.0,module,,free,Specific version control module covering commits branches and repository workflow.,,,
G027,data_engineer,Beginner Data Engineer,apis:0;data_cleaning:1;databases:0;deployment:0;python:1;sql:1;version_control:0,python;sql,apis;data_cleaning;databases;deployment;version_control,1,What is SQL and How Is It Used,IBM SkillsBuild,sql,databases;sql,1,1.0,article,,free,Optional reading that explains what SQL is and why it matters for data and software roles.,,,
G028,data_analyst,Beginner Data Analyst,data_cleaning:1;data_visualisation:0;excel:2;python:2;sql:0;statistics:1,excel;python,data_visualisation;sql;statistics,1,DataCamp Module Data Analyst Case Study,DataCamp,data_analysis,data_cleaning;data_visualisation;python;sql,2,4.0,module,python;sql,paid,Short case-study module applying SQL Python cleaning and visualisation to an analyst task.,,,
G029,data_analyst,Advanced Data Analyst,dashboards:0;data_cleaning:0;data_visualisation:1;python:1;sql:1;statistics:0,python;sql,dashboards;data_cleaning;statistics,2,Google Data Analytics Foundations,Coursera,data_analytics,data_cleaning;data_visualisation;excel;sql,1,10.0,course,,paid,Foundation course for data analysis process spreadsheets SQL and visual communication.,,,
G030,ml_engineer,Advanced ML Engineer,apis:1;deployment:0;machine_learning:2;model_evaluation:1;python:2;version_control:1,apis;machine_learning;python,deployment;model_evaluation,3,Deep Learning with PyTorch,edX,machine_learning,machine_learning;python,3,14.0,course,machine_learning;python,paid,Neural network implementation and deep learning workflows using PyTorch.,,,
G031,data_analyst,Intermediate Data Analyst,dashboards:0;data_visualisation:1;excel:2;python:0;sql:1;statistics:1,excel;sql,dashboards;data_cleaning;python,1,Data Storytelling with Visuals,Coursera,data_visualisation,dashboards;data_visualisation,1,4.0,course,,paid,Communicating insights using charts dashboards and structured data narratives.,,,
G032,data_scientist,Beginner Data Scientist,data_cleaning:1;data_visualisation:1;machine_learning:0;model_evaluation:0;python:1;sql:1;statistics:0,python;sql,machine_learning;model_evaluation;statistics,1,Intermediate SQL Queries,DataCamp,sql,data_cleaning;databases;sql,2,5.0,course,sql,paid,Practice-focused SQL resource for joins subqueries window functions and database querying.,,,
G033,data_engineer,Intermediate Data Engineer,apis:1;data_cleaning:2;databases:2;deployment:0;programming:1;python:2;sql:2;version_control:1,data_cleaning;databases;python;sql,apis;deployment;version_control,2,Meta Back End Developer Foundations,Coursera,programming,apis;databases;programming;version_control,2,20.0,course,programming,paid,Backend developer pathway topics including version control APIs databases and server development.,,,
G034,data_engineer,Beginner Data Engineer,apis:0;data_cleaning:1;databases:0;deployment:0;python:1;sql:1;version_control:0,python;sql,apis;data_cleaning;databases;deployment;version_control,1,Relational Databases for Beginners,freeCodeCamp,databases,databases;sql,1,8.0,tutorial,,free,Build database knowledge through relational modelling SQL tables and queries.,,,
G035,data_scientist,Intermediate Data Scientist,data_cleaning:2;data_visualisation:1;machine_learning:1;model_evaluation:0;python:2;sql:2;statistics:2,data_cleaning;python;sql;statistics,machine_learning;model_evaluation,2,Feature Selection and Validation,Kaggle Learn,model_evaluation,machine_learning;model_evaluation;python;statistics,2,3.0,tutorial,python;statistics,free,Improve ML models through validation feature selection and performance comparison.,,,
G036,software_developer,Intermediate Software Developer,apis:0;databases:1;oop:1;programming:2;testing:0;version_control:1,databases;programming,apis;oop;testing,2,Unit Testing in Python,University Open Course,testing,programming;python;testing,1,4.0,course,python,free,Write unit tests assertions and testable Python code for software quality.,,,
G037,data_analyst,Beginner Data Analyst,data_cleaning:1;data_visualisation:0;excel:2;python:2;sql:0;statistics:1,excel;python,data_visualisation;sql;statistics,1,Exploratory Data Analysis in Python,Kaggle Learn,data_analysis,data_cleaning;data_visualisation;python;statistics,2,4.0,tutorial,python,free,Exploratory analysis workflow using Python summaries visualisations and data cleaning.,,,
G038,software_developer,Intermediate Software Developer,apis:0;databases:1;oop:1;programming:2;testing:0;version_control:1,databases;programming,apis;oop;testing,2,Git Branching and Collaboration,Atlassian,version_control,testing;version_control,2,3.0,tutorial,version_control,free,Team workflow with branches pull requests code review and release coordination.,,,
G039,data_engineer,Beginner Data Engineer,apis:0;data_cleaning:1;databases:0;deployment:0;python:1;sql:1;version_control:0,python;sql,apis;data_cleaning;databases;deployment;version_control,1,DataCamp Module SQL Joins for Analysis,DataCamp,sql,databases;sql,2,2.0,module,sql,paid,Targeted SQL module covering joins used in analytical workflows.,,,
G040,data_analyst,Beginner Data Analyst,data_cleaning:1;data_visualisation:0;excel:2;python:2;sql:0;statistics:1,excel;python,data_visualisation;sql;statistics,1,Data Storytelling with Visuals,Coursera,data_visualisation,dashboards;data_visualisation,1,4.0,course,,paid,Communicating insights using charts dashboards and structured data narratives.,,,
G041,software_developer,Intermediate Software Developer,apis:0;databases:1;oop:1;programming:2;testing:0;version_control:1,databases;programming,apis;oop;testing,2,Back End Development and APIs,freeCodeCamp,apis,apis;databases;programming;testing,2,25.0,career_track,programming,free,Backend curriculum covering APIs microservices databases and quality assurance.,,,
G042,data_analyst,Intermediate Data Analyst,dashboards:0;data_visualisation:1;excel:2;python:0;sql:1;statistics:1,excel;sql,dashboards;data_cleaning;python,1,Data Cleaning in SQL and Python,University Open Course,data_cleaning,data_cleaning;python;sql,2,6.0,course,python;sql,free,Cleaning tabular data with SQL transformations and Python preprocessing scripts.,,,
G043,data_engineer,Beginner Data Engineer,apis:0;data_cleaning:1;databases:0;deployment:0;python:1;sql:1;version_control:0,python;sql,apis;data_cleaning;databases;deployment;version_control,1,Docker Explained Visually,Fireship,deployment,apis;deployment,2,0.5,youtube,,free,Optional short explanation of containers and why deployment uses Docker.,,,
G044,ml_engineer,Intermediate ML Engineer,apis:0;deployment:0;machine_learning:1;model_evaluation:0;python:2;statistics:1,python;statistics,deployment;machine_learning;model_evaluation,2,Applied Machine Learning in Python,Coursera,machine_learning,machine_learning;model_evaluation;python,2,12.0,course,python;statistics,paid,Supervised learning workflows with model training validation and evaluation in Python.,,,
G045,data_engineer,Intermediate Data Engineer,apis:1;data_cleaning:2;databases:2;deployment:0;programming:1;python:2;sql:2;version_control:1,data_cleaning;databases;python;sql,apis;deployment;version_control,2,Mini Project Build a Tested REST API,freeCodeCamp,project,apis;databases;programming;testing,2,4.0,project,apis;programming,free,Software developer project building a REST API with persistence and basic tests.,,,
G046,data_analyst,Advanced Data Analyst,dashboards:0;data_cleaning:0;data_visualisation:1;python:1;sql:1;statistics:0,python;sql,dashboards;data_cleaning;statistics,2,Excel Skills for Business,Coursera,excel,dashboards;data_cleaning;excel,1,8.0,course,,paid,Spreadsheet skills for cleaning analysing and summarising business data.,,,
G047,data_analyst,Beginner Data Analyst,data_cleaning:1;data_visualisation:0;excel:2;python:2;sql:0;statistics:1,excel;python,data_visualisation;sql;statistics,1,Intro to Data Cleaning with OpenRefine,University Open Course,data_cleaning,data_cleaning,1,3.0,course,,free,Short open course on cleaning messy datasets and preparing data for analysis.,,,
G048,data_engineer,Intermediate Data Engineer,apis:1;data_cleaning:2;databases:2;deployment:0;programming:1;python:2;sql:2;version_control:1,data_cleaning;databases;python;sql,apis;deployment;version_control,2,Introduction to Cloud Deployment,Coursera,deployment,apis;deployment;version_control,2,7.0,course,programming,paid,Deploy simple applications using cloud workflows version control and service configuration.,,,
G049,data_engineer,Beginner Data Engineer,apis:0;data_cleaning:1;databases:0;deployment:0;python:1;sql:1;version_control:0,python;sql,apis;data_cleaning;databases;deployment;version_control,1,Git and GitHub Crash Course,freeCodeCamp,version_control,version_control,1,2.0,video,,free,Practical version control workflow using Git commits branches and GitHub.,,,
G050,data_engineer,Beginner Data Engineer,apis:0;data_cleaning:1;databases:0;deployment:0;python:1;sql:1;version_control:0,python;sql,apis;data_cleaning;databases;deployment;version_control,1,freeCodeCamp Module API Routes,freeCodeCamp,apis,apis;programming,2,3.0,module,programming,free,Focused backend module for creating API routes and request handlers.,,,
G051,software_developer,Intermediate Software Developer,apis:0;databases:1;oop:1;programming:2;testing:0;version_control:1,databases;programming,apis;oop;testing,2,Software Engineering Principles,edX,programming,oop;programming;testing;version_control,2,10.0,course,programming,paid,Software engineering practices for design maintainability testing and collaboration.,,,
G052,data_analyst,Advanced Data Analyst,dashboards:0;data_cleaning:0;data_visualisation:1;python:1;sql:1;statistics:0,python;sql,dashboards;data_cleaning;statistics,2,Pandas Data Cleaning Tutorial,YouTube,data_cleaning,data_cleaning;data_visualisation;python,2,3.0,video,python,free,Hands-on walkthrough for cleaning tabular data with pandas and simple plots.,,,
G053,data_scientist,Beginner Data Scientist,data_cleaning:1;data_visualisation:1;machine_learning:0;model_evaluation:0;python:1;sql:1;statistics:0,python;sql,machine_learning;model_evaluation;statistics,1,Python Data Science Handbook,University Open Course,python,data_visualisation;machine_learning;python;statistics,2,14.0,course,python,free,Broad Python data science material covering analysis visualisation and modelling.,,,
G054,data_analyst,Intermediate Data Analyst,dashboards:0;data_visualisation:1;excel:2;python:0;sql:1;statistics:1,excel;sql,dashboards;data_cleaning;python,1,DataCamp Module Cleaning Data with pandas,DataCamp,data_cleaning,data_cleaning;python,2,3.0,module,python,paid,Focused module for cleaning missing values duplicates and inconsistent tabular data with pandas.,,,
G055,data_analyst,Beginner Data Analyst,data_cleaning:1;data_visualisation:0;excel:2;python:2;sql:0;statistics:1,excel;python,data_visualisation;sql;statistics,1,Pandas Data Cleaning Tutorial,YouTube,data_cleaning,data_cleaning;data_visualisation;python,2,3.0,video,python,free,Hands-on walkthrough for cleaning tabular data with pandas and simple plots.,,,
G056,data_scientist,Intermediate Data Scientist,data_cleaning:2;data_visualisation:1;machine_learning:1;model_evaluation:0;python:2;sql:2;statistics:2,data_cleaning;python;sql;statistics,machine_learning;model_evaluation,2,Deploying Machine Learning APIs,Udemy,deployment,apis;deployment;machine_learning;python,3,8.0,course,apis;machine_learning;python,paid,Build and deploy machine learning prediction services with REST APIs.,,,
G057,ml_engineer,Intermediate ML Engineer,apis:0;deployment:0;machine_learning:1;model_evaluation:0;python:2;statistics:1,python;statistics,deployment;machine_learning;model_evaluation,2,Feature Selection and Validation,Kaggle Learn,model_evaluation,machine_learning;model_evaluation;python;statistics,2,3.0,tutorial,python;statistics,free,Improve ML models through validation feature selection and performance comparison.,,,
G058,data_analyst,Beginner Data Analyst,data_cleaning:1;data_visualisation:0;excel:2;python:2;sql:0;statistics:1,excel;python,data_visualisation;sql;statistics,1,Dashboard Design Principles,University Open Course,dashboards,dashboards;data_visualisation,1,2.0,course,,free,Design principles for readable dashboards charts and analytical communication.,,,
G059,data_scientist,Intermediate Data Scientist,data_cleaning:2;data_visualisation:1;machine_learning:1;model_evaluation:0;python:2;sql:2;statistics:2,data_cleaning;python;sql;statistics,machine_learning;model_evaluation,2,What is MLOps,Google Cloud,deployment,deployment;machine_learning;model_evaluation,2,1.0,article,machine_learning,free,Optional reading that explains the ML lifecycle and operational machine learning.,,,
G060,data_analyst,Beginner Data Analyst,data_cleaning:1;data_visualisation:0;excel:2;python:2;sql:0;statistics:1,excel;python,data_visualisation;sql;statistics,1,Mini Project Build an Interactive Dashboard,DataCamp,project,dashboards;data_cleaning;data_visualisation,1,3.0,project,data_visualisation,paid,Small dashboard project for turning cleaned data into a simple business report.,,,
G061,data_engineer,Intermediate Data Engineer,apis:1;data_cleaning:2;databases:2;deployment:0;programming:1;python:2;sql:2;version_control:1,data_cleaning;databases;python;sql,apis;deployment;version_control,2,Database Clients and ORM Basics,Coursera,databases,apis;databases;programming;sql,2,6.0,course,programming;sql,paid,Access relational databases from applications using clients ORM concepts and queries.,,,
G062,ml_engineer,Advanced ML Engineer,apis:1;deployment:0;machine_learning:2;model_evaluation:1;python:2;version_control:1,apis;machine_learning;python,deployment;model_evaluation,3,Flask for Model Serving,Coursera,deployment,apis;deployment;machine_learning;python,2,6.0,course,python,paid,Build Python web services for model serving and simple API integration.,,,
G063,data_engineer,Beginner Data Engineer,apis:0;data_cleaning:1;databases:0;deployment:0;python:1;sql:1;version_control:0,python;sql,apis;data_cleaning;databases;deployment;version_control,1,SQL Joins and Aggregations,DataCamp,sql,databases;sql,1,3.0,course,sql,paid,Focused practice on SQL joins grouping filtering and aggregation.,,,
G064,data_analyst,Advanced Data Analyst,dashboards:0;data_cleaning:0;data_visualisation:1;python:1;sql:1;statistics:0,python;sql,dashboards;data_cleaning;statistics,2,Data Cleaning in SQL and Python,University Open Course,data_cleaning,data_cleaning;python;sql,2,6.0,course,python;sql,free,Cleaning tabular data with SQL transformations and Python preprocessing scripts.,,,
G065,data_scientist,Beginner Data Scientist,data_cleaning:1;data_visualisation:1;machine_learning:0;model_evaluation:0;python:1;sql:1;statistics:0,python;sql,machine_learning;model_evaluation;statistics,1,Data Cleaning in SQL and Python,University Open Course,data_cleaning,data_cleaning;python;sql,2,6.0,course,python;sql,free,Cleaning tabular data with SQL transformations and Python preprocessing scripts.,,,
G066,data_scientist,Intermediate Data Scientist,data_cleaning:2;data_visualisation:1;machine_learning:1;model_evaluation:0;python:2;sql:2;statistics:2,data_cleaning;python;sql;statistics,machine_learning;model_evaluation,2,MLOps Fundamentals,DataCamp,deployment,deployment;machine_learning;model_evaluation;python;version_control,3,7.0,course,machine_learning;python,paid,Operational machine learning concepts including model lifecycle tracking and monitoring.,,,
G067,data_scientist,Intermediate Data Scientist,data_cleaning:2;data_visualisation:1;machine_learning:1;model_evaluation:0;python:2;sql:2;statistics:2,data_cleaning;python;sql;statistics,machine_learning;model_evaluation,2,StatQuest Cross Validation Clearly Explained,StatQuest,model_evaluation,machine_learning;model_evaluation;statistics,2,1.0,youtube,statistics,free,Optional intuitive explanation of cross-validation and why model evaluation matters.,,,
G068,data_engineer,Beginner Data Engineer,apis:0;data_cleaning:1;databases:0;deployment:0;python:1;sql:1;version_control:0,python;sql,apis;data_cleaning;databases;deployment;version_control,1,Django Web Framework,Coursera,apis,apis;databases;programming;python,2,8.0,course,python,paid,Web development course building server-side applications with Django and databases.,,,
G069,data_analyst,Intermediate Data Analyst,dashboards:0;data_visualisation:1;excel:2;python:0;sql:1;statistics:1,excel;sql,dashboards;data_cleaning;python,1,Exploratory Data Analysis in Python,Kaggle Learn,data_analysis,data_cleaning;data_visualisation;python;statistics,2,4.0,tutorial,python,free,Exploratory analysis workflow using Python summaries visualisations and data cleaning.,,,
G070,data_analyst,Intermediate Data Analyst,dashboards:0;data_visualisation:1;excel:2;python:0;sql:1;statistics:1,excel;sql,dashboards;data_cleaning;python,1,Excel Skills for Business,Coursera,excel,dashboards;data_cleaning;excel,1,8.0,course,,paid,Spreadsheet skills for cleaning analysing and summarising business data.,,,
G071,data_analyst,Intermediate Data Analyst,dashboards:0;data_visualisation:1;excel:2;python:0;sql:1;statistics:1,excel;sql,dashboards;data_cleaning;python,1,Mini Project Build an Interactive Dashboard,DataCamp,project,dashboards;data_cleaning;data_visualisation,1,3.0,project,data_visualisation,paid,Small dashboard project for turning cleaned data into a simple business report.,,,
G072,data_analyst,Advanced Data Analyst,dashboards:0;data_cleaning:0;data_visualisation:1;python:1;sql:1;statistics:0,python;sql,dashboards;data_cleaning;statistics,2,DataCamp Module SQL Joins for Analysis,DataCamp,sql,databases;sql,2,2.0,module,sql,paid,Targeted SQL module covering joins used in analytical workflows.,,,
G073,data_analyst,Intermediate Data Analyst,dashboards:0;data_visualisation:1;excel:2;python:0;sql:1;statistics:1,excel;sql,dashboards;data_cleaning;python,1,SQL Joins and Aggregations,DataCamp,sql,databases;sql,1,3.0,course,sql,paid,Focused practice on SQL joins grouping filtering and aggregation.,,,
G074,data_engineer,Intermediate Data Engineer,apis:1;data_cleaning:2;databases:2;deployment:0;programming:1;python:2;sql:2;version_control:1,data_cleaning;databases;python;sql,apis;deployment;version_control,2,DataCamp Module Cleaning Data with pandas,DataCamp,data_cleaning,data_cleaning;python,2,3.0,module,python,paid,Focused module for cleaning missing values duplicates and inconsistent tabular data with pandas.,,,
G075,ml_engineer,Intermediate ML Engineer,apis:0;deployment:0;machine_learning:1;model_evaluation:0;python:2;statistics:1,python;statistics,deployment;machine_learning;model_evaluation,2,DataCamp Module Model Validation,DataCamp,model_evaluation,machine_learning;model_evaluation;statistics,2,2.0,module,machine_learning,paid,Focused validation module covering train test splits cross-validation and evaluation metrics.,,,
G076,software_developer,Beginner Software Developer,apis:0;databases:0;oop:0;programming:1;testing:0;version_control:0,programming,apis;databases;oop;testing;version_control,1,freeCodeCamp Module Database Projects,freeCodeCamp,databases,databases;programming;sql,2,4.0,module,programming;sql,free,Specific module applying relational databases in backend projects.,,,
G077,data_analyst,Beginner Data Analyst,data_cleaning:1;data_visualisation:0;excel:2;python:2;sql:0;statistics:1,excel;python,data_visualisation;sql;statistics,1,DataCamp Module Tableau Dashboard Layouts,DataCamp,dashboards,dashboards;data_visualisation,1,2.0,module,,paid,Targeted dashboard module for creating readable Tableau dashboard layouts.,,,
G078,ml_engineer,Intermediate ML Engineer,apis:0;deployment:0;machine_learning:1;model_evaluation:0;python:2;statistics:1,python;statistics,deployment;machine_learning;model_evaluation,2,MLflow Experiment Tracking,DataCamp,model_evaluation,deployment;machine_learning;model_evaluation;python,3,5.0,course,machine_learning,paid,Track experiments parameters metrics and model artifacts for ML workflows.,,,
G079,data_analyst,Beginner Data Analyst,data_cleaning:1;data_visualisation:0;excel:2;python:2;sql:0;statistics:1,excel;python,data_visualisation;sql;statistics,1,DataCamp Module Statistical Thinking,DataCamp,statistics,statistics,1,3.0,module,,paid,Short statistics module covering distributions uncertainty and analytical reasoning.,,,
G080,data_engineer,Beginner Data Engineer,apis:0;data_cleaning:1;databases:0;deployment:0;python:1;sql:1;version_control:0,python;sql,apis;data_cleaning;databases;deployment;version_control,1,Introduction to Cloud Deployment,Coursera,deployment,apis;deployment;version_control,2,7.0,course,programming,paid,Deploy simple applications using cloud workflows version control and service configuration.,,,
G081,data_engineer,Intermediate Data Engineer,apis:1;data_cleaning:2;databases:2;deployment:0;programming:1;python:2;sql:2;version_control:1,data_cleaning;databases;python;sql,apis;deployment;version_control,2,Machine Learning Pipelines,Coursera,machine_learning,deployment;machine_learning;model_evaluation;python,3,9.0,course,machine_learning;python,paid,Pipeline design for preprocessing training evaluation and deployment readiness.,,,
G082,software_developer,Intermediate Software Developer,apis:0;databases:1;oop:1;programming:2;testing:0;version_control:1,databases;programming,apis;oop;testing,2,API Testing with Postman,Udemy,testing,apis;testing,2,4.0,course,apis,paid,Test REST APIs with request collections validation and debugging workflows.,,,
G083,data_engineer,Beginner Data Engineer,apis:0;data_cleaning:1;databases:0;deployment:0;python:1;sql:1;version_control:0,python;sql,apis;data_cleaning;databases;deployment;version_control,1,DataCamp Module SQL Filtering and Sorting,DataCamp,sql,sql,1,2.0,module,sql,paid,Short module from a data analyst style path focused on filtering sorting and retrieving SQL data.,,,
G084,data_scientist,Intermediate Data Scientist,data_cleaning:2;data_visualisation:1;machine_learning:1;model_evaluation:0;python:2;sql:2;statistics:2,data_cleaning;python;sql;statistics,machine_learning;model_evaluation,2,Exploratory Data Analysis in Python,Kaggle Learn,data_analysis,data_cleaning;data_visualisation;python;statistics,2,4.0,tutorial,python,free,Exploratory analysis workflow using Python summaries visualisations and data cleaning.,,,
G085,data_analyst,Intermediate Data Analyst,dashboards:0;data_visualisation:1;excel:2;python:0;sql:1;statistics:1,excel;sql,dashboards;data_cleaning;python,1,Power BI Dashboard Basics,DataCamp,dashboards,dashboards;data_cleaning;data_visualisation,1,5.0,course,,paid,Beginner dashboarding resource using Power BI for business reporting.,,,
G086,ml_engineer,Intermediate ML Engineer,apis:0;deployment:0;machine_learning:1;model_evaluation:0;python:2;statistics:1,python;statistics,deployment;machine_learning;model_evaluation,2,Deep Learning Fundamentals,edX,machine_learning,machine_learning;python,3,15.0,course,machine_learning;python,paid,Advanced introduction to neural networks and deep learning concepts.,,,
G087,data_analyst,Beginner Data Analyst,data_cleaning:1;data_visualisation:0;excel:2;python:2;sql:0;statistics:1,excel;python,data_visualisation;sql;statistics,1,Google Data Analytics Foundations,Coursera,data_analytics,data_cleaning;data_visualisation;excel;sql,1,10.0,course,,paid,Foundation course for data analysis process spreadsheets SQL and visual communication.,,,
G088,data_engineer,Intermediate Data Engineer,apis:1;data_cleaning:2;databases:2;deployment:0;programming:1;python:2;sql:2;version_control:1,data_cleaning;databases;python;sql,apis;deployment;version_control,2,Intermediate SQL Queries,DataCamp,sql,data_cleaning;databases;sql,2,5.0,course,sql,paid,Practice-focused SQL resource for joins subqueries window functions and database querying.,,,
G089,software_developer,Intermediate Software Developer,apis:0;databases:1;oop:1;programming:2;testing:0;version_control:1,databases;programming,apis;oop;testing,2,freeCodeCamp Module Database Projects,freeCodeCamp,databases,databases;programming;sql,2,4.0,module,programming;sql,free,Specific module applying relational databases in backend projects.,,,
G090,data_analyst,Beginner Data Analyst,data_cleaning:1;data_visualisation:0;excel:2;python:2;sql:0;statistics:1,excel;python,data_visualisation;sql;statistics,1,Intermediate SQL Queries,DataCamp,sql,data_cleaning;databases;sql,2,5.0,course,sql,paid,Practice-focused SQL resource for joins subqueries window functions and database querying.,,,
G091,software_developer,Intermediate Software Developer,apis:0;databases:1;oop:1;programming:2;testing:0;version_control:1,databases;programming,apis;oop;testing,2,Meta Back End Developer Foundations,Coursera,programming,apis;databases;programming;version_control,2,20.0,course,programming,paid,Backend developer pathway topics including version control APIs databases and server development.,,,
G092,software_developer,Beginner Software Developer,apis:0;databases:0;oop:0;programming:1;testing:0;version_control:0,programming,apis;databases;oop;testing;version_control,1,Build a REST API Project,YouTube,apis,apis;databases;programming;testing,2,5.0,project,programming,free,Project-based backend API with routes validation persistence and tests.,,,
G093,data_scientist,Intermediate Data Scientist,data_cleaning:2;data_visualisation:1;machine_learning:1;model_evaluation:0;python:2;sql:2;statistics:2,data_cleaning;python;sql;statistics,machine_learning;model_evaluation,2,Model Monitoring and Drift,University Open Course,model_evaluation,deployment;machine_learning;model_evaluation,3,5.0,course,machine_learning,free,Monitor deployed models and detect performance changes and data drift.,,,
G094,ml_engineer,Intermediate ML Engineer,apis:0;deployment:0;machine_learning:1;model_evaluation:0;python:2;statistics:1,python;statistics,deployment;machine_learning;model_evaluation,2,Flask for Model Serving,Coursera,deployment,apis;deployment;machine_learning;python,2,6.0,course,python,paid,Build Python web services for model serving and simple API integration.,,,
G095,software_developer,Intermediate Software Developer,apis:0;databases:1;oop:1;programming:2;testing:0;version_control:1,databases;programming,apis;oop;testing,2,Python Project Build a CLI App,YouTube,programming,programming;python;version_control,1,3.0,project,python,free,Beginner project applying Python programming and Git workflow to build a command-line tool.,,,
G096,data_scientist,Intermediate Data Scientist,data_cleaning:2;data_visualisation:1;machine_learning:1;model_evaluation:0;python:2;sql:2;statistics:2,data_cleaning;python;sql;statistics,machine_learning;model_evaluation,2,StatQuest Precision Recall and ROC Curves,StatQuest,model_evaluation,machine_learning;model_evaluation;statistics,2,1.0,youtube,statistics,free,Optional explainer for classification metrics and model comparison concepts.,,,
G097,ml_engineer,Advanced ML Engineer,apis:1;deployment:0;machine_learning:2;model_evaluation:1;python:2;version_control:1,apis;machine_learning;python,deployment;model_evaluation,3,Applied Recommender Systems,Coursera,recommender_systems,machine_learning;model_evaluation;python,3,8.0,course,machine_learning;python,paid,Implement and evaluate similarity-based and model-based recommender systems.,,,
G098,data_analyst,Advanced Data Analyst,dashboards:0;data_cleaning:0;data_visualisation:1;python:1;sql:1;statistics:0,python;sql,dashboards;data_cleaning;statistics,2,Data Storytelling with Visuals,Coursera,data_visualisation,dashboards;data_visualisation,1,4.0,course,,paid,Communicating insights using charts dashboards and structured data narratives.,,,
G099,data_scientist,Beginner Data Scientist,data_cleaning:1;data_visualisation:1;machine_learning:0;model_evaluation:0;python:1;sql:1;statistics:0,python;sql,machine_learning;model_evaluation;statistics,1,Feature Selection and Validation,Kaggle Learn,model_evaluation,machine_learning;model_evaluation;python;statistics,2,3.0,tutorial,python;statistics,free,Improve ML models through validation feature selection and performance comparison.,,,
G100,data_engineer,Intermediate Data Engineer,apis:1;data_cleaning:2;databases:2;deployment:0;programming:1;python:2;sql:2;version_control:1,data_cleaning;databases;python;sql,apis;deployment;version_control,2,Build a REST API Project,YouTube,apis,apis;databases;programming;testing,2,5.0,project,programming,free,Project-based backend API with routes validation persistence and tests.,,,
G101,data_engineer,Intermediate Data Engineer,apis:1;data_cleaning:2;databases:2;deployment:0;programming:1;python:2;sql:2;version_control:1,data_cleaning;databases;python;sql,apis;deployment;version_control,2,DataCamp Module SQL Joins for Analysis,DataCamp,sql,databases;sql,2,2.0,module,sql,paid,Targeted SQL module covering joins used in analytical workflows.,,,
G102,ml_engineer,Intermediate ML Engineer,apis:0;deployment:0;machine_learning:1;model_evaluation:0;python:2;statistics:1,python;statistics,deployment;machine_learning;model_evaluation,2,Deep Learning with PyTorch,edX,machine_learning,machine_learning;python,3,14.0,course,machine_learning;python,paid,Neural network implementation and deep learning workflows using PyTorch.,,,
G103,data_analyst,Intermediate Data Analyst,dashboards:0;data_visualisation:1;excel:2;python:0;sql:1;statistics:1,excel;sql,dashboards;data_cleaning;python,1,SQL for Data Analysis,Coursera,sql,data_cleaning;sql,1,6.0,course,,paid,Beginner SQL course covering SELECT JOIN aggregation and analytical queries for data roles.,,,
G104,data_engineer,Intermediate Data Engineer,apis:1;data_cleaning:2;databases:2;deployment:0;programming:1;python:2;sql:2;version_control:1,data_cleaning;databases;python;sql,apis;deployment;version_control,2,freeCodeCamp Module Git Basics,freeCodeCamp,version_control,version_control,1,2.0,module,,free,Specific version control module covering commits branches and repository workflow.,,,
G105,data_analyst,Intermediate Data Analyst,dashboards:0;data_visualisation:1;excel:2;python:0;sql:1;statistics:1,excel;sql,dashboards;data_cleaning;python,1,DataCamp Module SQL Joins for Analysis,DataCamp,sql,databases;sql,2,2.0,module,sql,paid,Targeted SQL module covering joins used in analytical workflows.,,,
G106,data_analyst,Advanced Data Analyst,dashboards:0;data_cleaning:0;data_visualisation:1;python:1;sql:1;statistics:0,python;sql,dashboards;data_cleaning;statistics,2,IBM Data Analyst Capstone,Coursera,data_analytics,dashboards;data_visualisation;excel;python;sql,2,12.0,project,python;sql,paid,Capstone-style data analyst project applying Python SQL spreadsheets and dashboards.,,,
G107,data_engineer,Intermediate Data Engineer,apis:1;data_cleaning:2;databases:2;deployment:0;programming:1;python:2;sql:2;version_control:1,data_cleaning;databases;python;sql,apis;deployment;version_control,2,Django Web Framework,Coursera,apis,apis;databases;programming;python,2,8.0,course,python,paid,Web development course building server-side applications with Django and databases.,,,
G108,data_scientist,Beginner Data Scientist,data_cleaning:1;data_visualisation:1;machine_learning:0;model_evaluation:0;python:1;sql:1;statistics:0,python;sql,machine_learning;model_evaluation;statistics,1,Applied Machine Learning in Python,Coursera,machine_learning,machine_learning;model_evaluation;python,2,12.0,course,python;statistics,paid,Supervised learning workflows with model training validation and evaluation in Python.,,,
G109,data_analyst,Advanced Data Analyst,dashboards:0;data_cleaning:0;data_visualisation:1;python:1;sql:1;statistics:0,python;sql,dashboards;data_cleaning;statistics,2,Intro to Data Cleaning with OpenRefine,University Open Course,data_cleaning,data_cleaning,1,3.0,course,,free,Short open course on cleaning messy datasets and preparing data for analysis.,,,
G110,data_analyst,Beginner Data Analyst,data_cleaning:1;data_visualisation:0;excel:2;python:2;sql:0;statistics:1,excel;python,data_visualisation;sql;statistics,1,Statistics for Data Analytics,Khan Academy,statistics,statistics,1,6.0,course,,free,Core descriptive statistics probability sampling and interpretation for analytics.,,,
G111,data_engineer,Beginner Data Engineer,apis:0;data_cleaning:1;databases:0;deployment:0;python:1;sql:1;version_control:0,python;sql,apis;data_cleaning;databases;deployment;version_control,1,SQL for Data Analysis,Coursera,sql,data_cleaning;sql,1,6.0,course,,paid,Beginner SQL course covering SELECT JOIN aggregation and analytical queries for data roles.,,,
G112,software_developer,Intermediate Software Developer,apis:0;databases:1;oop:1;programming:2;testing:0;version_control:1,databases;programming,apis;oop;testing,2,Software Testing Fundamentals,Udacity,testing,programming;testing,1,5.0,course,programming,free,Testing concepts test cases unit tests and software quality practices.,,,
G113,data_engineer,Intermediate Data Engineer,apis:1;data_cleaning:2;databases:2;deployment:0;programming:1;python:2;sql:2;version_control:1,data_cleaning;databases;python;sql,apis;deployment;version_control,2,DataCamp Module ML API Deployment,DataCamp,deployment,apis;deployment;machine_learning;python,3,3.0,module,apis;machine_learning;python,paid,Targeted module for deploying a trained machine learning model behind an API.,,,
G114,data_scientist,Beginner Data Scientist,data_cleaning:1;data_visualisation:1;machine_learning:0;model_evaluation:0;python:1;sql:1;statistics:0,python;sql,machine_learning;model_evaluation;statistics,1,DataCamp Module Model Validation,DataCamp,model_evaluation,machine_learning;model_evaluation;statistics,2,2.0,module,machine_learning,paid,Focused validation module covering train test splits cross-validation and evaluation metrics.,,,
G115,ml_engineer,Advanced ML Engineer,apis:1;deployment:0;machine_learning:2;model_evaluation:1;python:2;version_control:1,apis;machine_learning;python,deployment;model_evaluation,3,DataCamp Module Intro to MLOps,DataCamp,deployment,deployment;machine_learning;model_evaluation,3,3.0,module,machine_learning,paid,Short module introducing MLOps model lifecycle tracking and deployment considerations.,,,
G116,data_analyst,Advanced Data Analyst,dashboards:0;data_cleaning:0;data_visualisation:1;python:1;sql:1;statistics:0,python;sql,dashboards;data_cleaning;statistics,2,Exploratory Data Analysis in Python,Kaggle Learn,data_analysis,data_cleaning;data_visualisation;python;statistics,2,4.0,tutorial,python,free,Exploratory analysis workflow using Python summaries visualisations and data cleaning.,,,
G117,data_scientist,Beginner Data Scientist,data_cleaning:1;data_visualisation:1;machine_learning:0;model_evaluation:0;python:1;sql:1;statistics:0,python;sql,machine_learning;model_evaluation;statistics,1,DataCamp Module Statistical Thinking,DataCamp,statistics,statistics,1,3.0,module,,paid,Short statistics module covering distributions uncertainty and analytical reasoning.,,,
G118,software_developer,Beginner Software Developer,apis:0;databases:0;oop:0;programming:1;testing:0;version_control:0,programming,apis;databases;oop;testing;version_control,1,Python Project Build a CLI App,YouTube,programming,programming;python;version_control,1,3.0,project,python,free,Beginner project applying Python programming and Git workflow to build a command-line tool.,,,
G119,ml_engineer,Advanced ML Engineer,apis:1;deployment:0;machine_learning:2;model_evaluation:1;python:2;version_control:1,apis;machine_learning;python,deployment;model_evaluation,3,Introduction to Cloud Deployment,Coursera,deployment,apis;deployment;version_control,2,7.0,course,programming,paid,Deploy simple applications using cloud workflows version control and service configuration.,,,
G120,software_developer,Beginner Software Developer,apis:0;databases:0;oop:0;programming:1;testing:0;version_control:0,programming,apis;databases;oop;testing;version_control,1,Django Web Framework,Coursera,apis,apis;databases;programming;python,2,8.0,course,python,paid,Web development course building server-side applications with Django and databases.,,,
G121,data_analyst,Beginner Data Analyst,data_cleaning:1;data_visualisation:0;excel:2;python:2;sql:0;statistics:1,excel;python,data_visualisation;sql;statistics,1,DataCamp Module SQL Joins for Analysis,DataCamp,sql,databases;sql,2,2.0,module,sql,paid,Targeted SQL module covering joins used in analytical workflows.,,,
G122,data_engineer,Beginner Data Engineer,apis:0;data_cleaning:1;databases:0;deployment:0;python:1;sql:1;version_control:0,python;sql,apis;data_cleaning;databases;deployment;version_control,1,Database Design and SQL,edX,databases,databases;sql,2,9.0,course,sql,paid,Relational modelling normalisation database design and SQL implementation.,,,
G123,ml_engineer,Intermediate ML Engineer,apis:0;deployment:0;machine_learning:1;model_evaluation:0;python:2;statistics:1,python;statistics,deployment;machine_learning;model_evaluation,2,Supervised Learning with Scikit Learn,DataCamp,machine_learning,machine_learning;model_evaluation;python,2,5.0,course,python;statistics,paid,Train and evaluate supervised models using common Python machine learning workflows.,,,
G124,data_analyst,Beginner Data Analyst,data_cleaning:1;data_visualisation:0;excel:2;python:2;sql:0;statistics:1,excel;python,data_visualisation;sql;statistics,1,Python for Data Visualisation,DataCamp,data_visualisation,dashboards;data_visualisation;python,2,4.0,course,python,paid,Use Python libraries to create charts dashboards and exploratory data visualisations.,,,
G125,software_developer,Intermediate Software Developer,apis:0;databases:1;oop:1;programming:2;testing:0;version_control:1,databases;programming,apis;oop;testing,2,freeCodeCamp Module API Routes,freeCodeCamp,apis,apis;programming,2,3.0,module,programming,free,Focused backend module for creating API routes and request handlers.,,,
G126,data_analyst,Intermediate Data Analyst,dashboards:0;data_visualisation:1;excel:2;python:0;sql:1;statistics:1,excel;sql,dashboards;data_cleaning;python,1,Python for Data Visualisation,DataCamp,data_visualisation,dashboards;data_visualisation;python,2,4.0,course,python,paid,Use Python libraries to create charts dashboards and exploratory data visualisations.,,,
G127,software_developer,Beginner Software Developer,apis:0;databases:0;oop:0;programming:1;testing:0;version_control:0,programming,apis;databases;oop;testing;version_control,1,Unit Testing in Python,University Open Course,testing,programming;python;testing,1,4.0,course,python,free,Write unit tests assertions and testable Python code for software quality.,,,
G128,data_engineer,Intermediate Data Engineer,apis:1;data_cleaning:2;databases:2;deployment:0;programming:1;python:2;sql:2;version_control:1,data_cleaning;databases;python;sql,apis;deployment;version_control,2,Docker Explained Visually,Fireship,deployment,apis;deployment,2,0.5,youtube,,free,Optional short explanation of containers and why deployment uses Docker.,,,
G129,software_developer,Beginner Software Developer,apis:0;databases:0;oop:0;programming:1;testing:0;version_control:0,programming,apis;databases;oop;testing;version_control,1,Git and GitHub Crash Course,freeCodeCamp,version_control,version_control,1,2.0,video,,free,Practical version control workflow using Git commits branches and GitHub.,,,
G130,ml_engineer,Advanced ML Engineer,apis:1;deployment:0;machine_learning:2;model_evaluation:1;python:2;version_control:1,apis;machine_learning;python,deployment;model_evaluation,3,Feature Selection and Validation,Kaggle Learn,model_evaluation,machine_learning;model_evaluation;python;statistics,2,3.0,tutorial,python;statistics,free,Improve ML models through validation feature selection and performance comparison.,,,
G131,data_scientist,Intermediate Data Scientist,data_cleaning:2;data_visualisation:1;machine_learning:1;model_evaluation:0;python:2;sql:2;statistics:2,data_cleaning;python;sql;statistics,machine_learning;model_evaluation,2,DataCamp Module ML API Deployment,DataCamp,deployment,apis;deployment;machine_learning;python,3,3.0,module,apis;machine_learning;python,paid,Targeted module for deploying a trained machine learning model behind an API.,,,
G132,data_scientist,Intermediate Data Scientist,data_cleaning:2;data_visualisation:1;machine_learning:1;model_evaluation:0;python:2;sql:2;statistics:2,data_cleaning;python;sql;statistics,machine_learning;model_evaluation,2,DataCamp Module Intro to MLOps,DataCamp,deployment,deployment;machine_learning;model_evaluation,3,3.0,module,machine_learning,paid,Short module introducing MLOps model lifecycle tracking and deployment considerations.,,,
G133,data_engineer,Intermediate Data Engineer,apis:1;data_cleaning:2;databases:2;deployment:0;programming:1;python:2;sql:2;version_control:1,data_cleaning;databases;python;sql,apis;deployment;version_control,2,Data Cleaning in SQL and Python,University Open Course,data_cleaning,data_cleaning;python;sql,2,6.0,course,python;sql,free,Cleaning tabular data with SQL transformations and Python preprocessing scripts.,,,
G134,software_developer,Beginner Software Developer,apis:0;databases:0;oop:0;programming:1;testing:0;version_control:0,programming,apis;databases;oop;testing;version_control,1,Mini Project Build a Tested REST API,freeCodeCamp,project,apis;databases;programming;testing,2,4.0,project,apis;programming,free,Software developer project building a REST API with persistence and basic tests.,,,
G135,data_engineer,Beginner Data Engineer,apis:0;data_cleaning:1;databases:0;deployment:0;python:1;sql:1;version_control:0,python;sql,apis;data_cleaning;databases;deployment;version_control,1,Python Basics for Everybody,freeCodeCamp,python,programming;python,1,7.0,tutorial,,free,Beginner programming tutorial introducing Python syntax functions and basic problem solving.,,,
G136,ml_engineer,Advanced ML Engineer,apis:1;deployment:0;machine_learning:2;model_evaluation:1;python:2;version_control:1,apis;machine_learning;python,deployment;model_evaluation,3,DataCamp Module Model Validation,DataCamp,model_evaluation,machine_learning;model_evaluation;statistics,2,2.0,module,machine_learning,paid,Focused validation module covering train test splits cross-validation and evaluation metrics.,,,
G137,ml_engineer,Intermediate ML Engineer,apis:0;deployment:0;machine_learning:1;model_evaluation:0;python:2;statistics:1,python;statistics,deployment;machine_learning;model_evaluation,2,Machine Learning Pipelines,Coursera,machine_learning,deployment;machine_learning;model_evaluation;python,3,9.0,course,machine_learning;python,paid,Pipeline design for preprocessing training evaluation and deployment readiness.,,,
G138,data_engineer,Intermediate Data Engineer,apis:1;data_cleaning:2;databases:2;deployment:0;programming:1;python:2;sql:2;version_control:1,data_cleaning;databases;python;sql,apis;deployment;version_control,2,Mini Project Version-Controlled CLI Tool,YouTube,project,programming;python;testing;version_control,1,3.0,project,python,free,Small project building a command-line tool with Git workflow and simple tests.,,,
G139,software_developer,Intermediate Software Developer,apis:0;databases:1;oop:1;programming:2;testing:0;version_control:1,databases;programming,apis;oop;testing,2,Object Oriented Design Patterns,Coursera,oop,oop;programming;testing,3,9.0,course,oop,paid,Reusable object-oriented design patterns and software design principles.,,,
G140,data_analyst,Advanced Data Analyst,dashboards:0;data_cleaning:0;data_visualisation:1;python:1;sql:1;statistics:0,python;sql,dashboards;data_cleaning;statistics,2,Intermediate SQL Queries,DataCamp,sql,data_cleaning;databases;sql,2,5.0,course,sql,paid,Practice-focused SQL resource for joins subqueries window functions and database querying.,,,
G141,data_analyst,Intermediate Data Analyst,dashboards:0;data_visualisation:1;excel:2;python:0;sql:1;statistics:1,excel;sql,dashboards;data_cleaning;python,1,Intro to Data Cleaning with OpenRefine,University Open Course,data_cleaning,data_cleaning,1,3.0,course,,free,Short open course on cleaning messy datasets and preparing data for analysis.,,,
G142,software_developer,Intermediate Software Developer,apis:0;databases:1;oop:1;programming:2;testing:0;version_control:1,databases;programming,apis;oop;testing,2,Mini Project Build a Tested REST API,freeCodeCamp,project,apis;databases;programming;testing,2,4.0,project,apis;programming,free,Software developer project building a REST API with persistence and basic tests.,,,
G143,data_analyst,Beginner Data Analyst,data_cleaning:1;data_visualisation:0;excel:2;python:2;sql:0;statistics:1,excel;python,data_visualisation;sql;statistics,1,Business Statistics and A B Testing,edX,statistics,data_visualisation;statistics,2,8.0,course,statistics,paid,Applied statistics hypothesis testing and experiment interpretation for business decisions.,,,
G144,data_engineer,Intermediate Data Engineer,apis:1;data_cleaning:2;databases:2;deployment:0;programming:1;python:2;sql:2;version_control:1,data_cleaning;databases;python;sql,apis;deployment;version_control,2,freeCodeCamp Module Database Projects,freeCodeCamp,databases,databases;programming;sql,2,4.0,module,programming;sql,free,Specific module applying relational databases in backend projects.,,,
G145,data_scientist,Beginner Data Scientist,data_cleaning:1;data_visualisation:1;machine_learning:0;model_evaluation:0;python:1;sql:1;statistics:0,python;sql,machine_learning;model_evaluation;statistics,1,Pandas Data Cleaning Tutorial,YouTube,data_cleaning,data_cleaning;data_visualisation;python,2,3.0,video,python,free,Hands-on walkthrough for cleaning tabular data with pandas and simple plots.,,,
G146,data_analyst,Intermediate Data Analyst,dashboards:0;data_visualisation:1;excel:2;python:0;sql:1;statistics:1,excel;sql,dashboards;data_cleaning;python,1,IBM Data Analyst Capstone,Coursera,data_analytics,dashboards;data_visualisation;excel;python;sql,2,12.0,project,python;sql,paid,Capstone-style data analyst project applying Python SQL spreadsheets and dashboards.,,,
G147,data_scientist,Beginner Data Scientist,data_cleaning:1;data_visualisation:1;machine_learning:0;model_evaluation:0;python:1;sql:1;statistics:0,python;sql,machine_learning;model_evaluation;statistics,1,Python for Data Visualisation,DataCamp,data_visualisation,dashboards;data_visualisation;python,2,4.0,course,python,paid,Use Python libraries to create charts dashboards and exploratory data visualisations.,,,
G148,data_analyst,Advanced Data Analyst,dashboards:0;data_cleaning:0;data_visualisation:1;python:1;sql:1;statistics:0,python;sql,dashboards;data_cleaning;statistics,2,DataCamp Module Data Analyst Case Study,DataCamp,data_analysis,data_cleaning;data_visualisation;python;sql,2,4.0,module,python;sql,paid,Short case-study module applying SQL Python cleaning and visualisation to an analyst task.,,,
G149,data_engineer,Beginner Data Engineer,apis:0;data_cleaning:1;databases:0;deployment:0;python:1;sql:1;version_control:0,python;sql,apis;data_cleaning;databases;deployment;version_control,1,Intermediate SQL Queries,DataCamp,sql,data_cleaning;databases;sql,2,5.0,course,sql,paid,Practice-focused SQL resource for joins subqueries window functions and database querying.,,,
G150,ml_engineer,Advanced ML Engineer,apis:1;deployment:0;machine_learning:2;model_evaluation:1;python:2;version_control:1,apis;machine_learning;python,deployment;model_evaluation,3,DataCamp Module ML API Deployment,DataCamp,deployment,apis;deployment;machine_learning;python,3,3.0,module,apis;machine_learning;python,paid,Targeted module for deploying a trained machine learning model behind an API.,,,
G151,software_developer,Beginner Software Developer,apis:0;databases:0;oop:0;programming:1;testing:0;version_control:0,programming,apis;databases;oop;testing;version_control,1,Software Engineering Principles,edX,programming,oop;programming;testing;version_control,2,10.0,course,programming,paid,Software engineering practices for design maintainability testing and collaboration.,,,
G152,ml_engineer,Intermediate ML Engineer,apis:0;deployment:0;machine_learning:1;model_evaluation:0;python:2;statistics:1,python;statistics,deployment;machine_learning;model_evaluation,2,Mini Project Customer Churn Model,Kaggle Learn,project,data_cleaning;machine_learning;model_evaluation;python,2,4.0,project,machine_learning;python,free,Practical ML project training and evaluating a churn prediction model.,,,
G153,data_engineer,Intermediate Data Engineer,apis:1;data_cleaning:2;databases:2;deployment:0;programming:1;python:2;sql:2;version_control:1,data_cleaning;databases;python;sql,apis;deployment;version_control,2,Flask for Model Serving,Coursera,deployment,apis;deployment;machine_learning;python,2,6.0,course,python,paid,Build Python web services for model serving and simple API integration.,,,
G154,data_analyst,Intermediate Data Analyst,dashboards:0;data_visualisation:1;excel:2;python:0;sql:1;statistics:1,excel;sql,dashboards;data_cleaning;python,1,Mini Project Analyse Sales Data with SQL,Coursera,project,data_cleaning;sql;statistics,1,3.0,project,sql,paid,Small analyst project using SQL to clean summarize and interpret sales data.,,,
G155,data_scientist,Intermediate Data Scientist,data_cleaning:2;data_visualisation:1;machine_learning:1;model_evaluation:0;python:2;sql:2;statistics:2,data_cleaning;python;sql;statistics,machine_learning;model_evaluation,2,DataCamp Module Model Validation,DataCamp,model_evaluation,machine_learning;model_evaluation;statistics,2,2.0,module,machine_learning,paid,Focused validation module covering train test splits cross-validation and evaluation metrics.,,,
G156,data_engineer,Beginner Data Engineer,apis:0;data_cleaning:1;databases:0;deployment:0;python:1;sql:1;version_control:0,python;sql,apis;data_cleaning;databases;deployment;version_control,1,Back End Development and APIs,freeCodeCamp,apis,apis;databases;programming;testing,2,25.0,career_track,programming,free,Backend curriculum covering APIs microservices databases and quality assurance.,,,
G157,ml_engineer,Advanced ML Engineer,apis:1;deployment:0;machine_learning:2;model_evaluation:1;python:2;version_control:1,apis;machine_learning;python,deployment;model_evaluation,3,MLOps Fundamentals,DataCamp,deployment,deployment;machine_learning;model_evaluation;python;version_control,3,7.0,course,machine_learning;python,paid,Operational machine learning concepts including model lifecycle tracking and monitoring.,,,
G158,software_developer,Beginner Software Developer,apis:0;databases:0;oop:0;programming:1;testing:0;version_control:0,programming,apis;databases;oop;testing;version_control,1,Relational Databases for Beginners,freeCodeCamp,databases,databases;sql,1,8.0,tutorial,,free,Build database knowledge through relational modelling SQL tables and queries.,,,
G159,software_developer,Beginner Software Developer,apis:0;databases:0;oop:0;programming:1;testing:0;version_control:0,programming,apis;databases;oop;testing;version_control,1,freeCodeCamp Module Object Oriented JavaScript,freeCodeCamp,oop,oop;programming,2,3.0,module,programming,free,Targeted object-oriented programming module for software developer foundations.,,,
G160,data_engineer,Intermediate Data Engineer,apis:1;data_cleaning:2;databases:2;deployment:0;programming:1;python:2;sql:2;version_control:1,data_cleaning;databases;python;sql,apis;deployment;version_control,2,Database Design and SQL,edX,databases,databases;sql,2,9.0,course,sql,paid,Relational modelling normalisation database design and SQL implementation.,,,
G161,data_engineer,Intermediate Data Engineer,apis:1;data_cleaning:2;databases:2;deployment:0;programming:1;python:2;sql:2;version_control:1,data_cleaning;databases;python;sql,apis;deployment;version_control,2,How Databases Work,Computerphile,databases,databases;sql,1,1.0,video_essay,,free,Optional conceptual video about databases and how data is stored and queried.,,,
G162,data_scientist,Beginner Data Scientist,data_cleaning:1;data_visualisation:1;machine_learning:0;model_evaluation:0;python:1;sql:1;statistics:0,python;sql,machine_learning;model_evaluation;statistics,1,Supervised Learning with Scikit Learn,DataCamp,machine_learning,machine_learning;model_evaluation;python,2,5.0,course,python;statistics,paid,Train and evaluate supervised models using common Python machine learning workflows.,,,
G163,software_developer,Intermediate Software Developer,apis:0;databases:1;oop:1;programming:2;testing:0;version_control:1,databases;programming,apis;oop;testing,2,freeCodeCamp Module Quality Assurance Testing,freeCodeCamp,testing,apis;programming;testing,2,3.0,module,programming,free,Focused testing module for backend quality assurance and API tests.,,,
G164,ml_engineer,Advanced ML Engineer,apis:1;deployment:0;machine_learning:2;model_evaluation:1;python:2;version_control:1,apis;machine_learning;python,deployment;model_evaluation,3,Mini Project Deploy a Prediction API,Coursera,project,apis;deployment;machine_learning;python,3,4.0,project,apis;machine_learning;python,paid,Small ML engineering project serving a trained model through an API.,,,
G165,data_engineer,Beginner Data Engineer,apis:0;data_cleaning:1;databases:0;deployment:0;python:1;sql:1;version_control:0,python;sql,apis;data_cleaning;databases;deployment;version_control,1,Database Clients and ORM Basics,Coursera,databases,apis;databases;programming;sql,2,6.0,course,programming;sql,paid,Access relational databases from applications using clients ORM concepts and queries.,,,
G166,ml_engineer,Advanced ML Engineer,apis:1;deployment:0;machine_learning:2;model_evaluation:1;python:2;version_control:1,apis;machine_learning;python,deployment;model_evaluation,3,Machine Learning Pipelines,Coursera,machine_learning,deployment;machine_learning;model_evaluation;python,3,9.0,course,machine_learning;python,paid,Pipeline design for preprocessing training evaluation and deployment readiness.,,,
G167,data_analyst,Advanced Data Analyst,dashboards:0;data_cleaning:0;data_visualisation:1;python:1;sql:1;statistics:0,python;sql,dashboards;data_cleaning;statistics,2,Business Statistics and A B Testing,edX,statistics,data_visualisation;statistics,2,8.0,course,statistics,paid,Applied statistics hypothesis testing and experiment interpretation for business decisions.,,,
G168,data_engineer,Beginner Data Engineer,apis:0;data_cleaning:1;databases:0;deployment:0;python:1;sql:1;version_control:0,python;sql,apis;data_cleaning;databases;deployment;version_control,1,How Databases Work,Computerphile,databases,databases;sql,1,1.0,video_essay,,free,Optional conceptual video about databases and how data is stored and queried.,,,
G169,data_engineer,Beginner Data Engineer,apis:0;data_cleaning:1;databases:0;deployment:0;python:1;sql:1;version_control:0,python;sql,apis;data_cleaning;databases;deployment;version_control,1,freeCodeCamp Module Database Projects,freeCodeCamp,databases,databases;programming;sql,2,4.0,module,programming;sql,free,Specific module applying relational databases in backend projects.,,,
G170,ml_engineer,Advanced ML Engineer,apis:1;deployment:0;machine_learning:2;model_evaluation:1;python:2;version_control:1,apis;machine_learning;python,deployment;model_evaluation,3,Model Monitoring and Drift,University Open Course,model_evaluation,deployment;machine_learning;model_evaluation,3,5.0,course,machine_learning,free,Monitor deployed models and detect performance changes and data drift.,,,
G171,software_developer,Beginner Software Developer,apis:0;databases:0;oop:0;programming:1;testing:0;version_control:0,programming,apis;databases;oop;testing;version_control,1,REST API Development with Flask,YouTube,apis,apis;deployment;programming;python,2,4.0,tutorial,python,free,Build REST endpoints and simple backend services using Flask.,,,
G172,ml_engineer,Intermediate ML Engineer,apis:0;deployment:0;machine_learning:1;model_evaluation:0;python:2;statistics:1,python;statistics,deployment;machine_learning;model_evaluation,2,Machine Learning Model Evaluation,DataCamp,model_evaluation,machine_learning;model_evaluation;statistics,2,4.0,course,machine_learning,paid,Focused resource on validation metrics cross-validation and model selection.,,,
G173,data_analyst,Advanced Data Analyst,dashboards:0;data_cleaning:0;data_visualisation:1;python:1;sql:1;statistics:0,python;sql,dashboards;data_cleaning;statistics,2,Statistics for Data Analytics,Khan Academy,statistics,statistics,1,6.0,course,,free,Core descriptive statistics probability sampling and interpretation for analytics.,,,
G174,data_analyst,Advanced Data Analyst,dashboards:0;data_cleaning:0;data_visualisation:1;python:1;sql:1;statistics:0,python;sql,dashboards;data_cleaning;statistics,2,Python for Data Visualisation,DataCamp,data_visualisation,dashboards;data_visualisation;python,2,4.0,course,python,paid,Use Python libraries to create charts dashboards and exploratory data visualisations.,,,
G175,data_engineer,Intermediate Data Engineer,apis:1;data_cleaning:2;databases:2;deployment:0;programming:1;python:2;sql:2;version_control:1,data_cleaning;databases;python;sql,apis;deployment;version_control,2,freeCodeCamp Module API Routes,freeCodeCamp,apis,apis;programming,2,3.0,module,programming,free,Focused backend module for creating API routes and request handlers.,,,
G176,data_engineer,Beginner Data Engineer,apis:0;data_cleaning:1;databases:0;deployment:0;python:1;sql:1;version_control:0,python;sql,apis;data_cleaning;databases;deployment;version_control,1,Mini Project Build a Tested REST API,freeCodeCamp,project,apis;databases;programming;testing,2,4.0,project,apis;programming,free,Software developer project building a REST API with persistence and basic tests.,,,
G177,data_analyst,Beginner Data Analyst,data_cleaning:1;data_visualisation:0;excel:2;python:2;sql:0;statistics:1,excel;python,data_visualisation;sql;statistics,1,Mini Project Analyse Sales Data with SQL,Coursera,project,data_cleaning;sql;statistics,1,3.0,project,sql,paid,Small analyst project using SQL to clean summarize and interpret sales data.,,,
G178,software_developer,Beginner Software Developer,apis:0;databases:0;oop:0;programming:1;testing:0;version_control:0,programming,apis;databases;oop;testing;version_control,1,Software Testing Fundamentals,Udacity,testing,programming;testing,1,5.0,course,programming,free,Testing concepts test cases unit tests and software quality practices.,,,
G179,data_scientist,Intermediate Data Scientist,data_cleaning:2;data_visualisation:1;machine_learning:1;model_evaluation:0;python:2;sql:2;statistics:2,data_cleaning;python;sql;statistics,machine_learning;model_evaluation,2,Supervised Learning with Scikit Learn,DataCamp,machine_learning,machine_learning;model_evaluation;python,2,5.0,course,python;statistics,paid,Train and evaluate supervised models using common Python machine learning workflows.,,,
G180,data_analyst,Intermediate Data Analyst,dashboards:0;data_visualisation:1;excel:2;python:0;sql:1;statistics:1,excel;sql,dashboards;data_cleaning;python,1,DataCamp Module Data Analyst Case Study,DataCamp,data_analysis,data_cleaning;data_visualisation;python;sql,2,4.0,module,python;sql,paid,Short case-study module applying SQL Python cleaning and visualisation to an analyst task.,,,
G181,data_scientist,Intermediate Data Scientist,data_cleaning:2;data_visualisation:1;machine_learning:1;model_evaluation:0;python:2;sql:2;statistics:2,data_cleaning;python;sql;statistics,machine_learning;model_evaluation,2,Mini Project Deploy a Prediction API,Coursera,project,apis;deployment;machine_learning;python,3,4.0,project,apis;machine_learning;python,paid,Small ML engineering project serving a trained model through an API.,,,
G182,software_developer,Intermediate Software Developer,apis:0;databases:1;oop:1;programming:2;testing:0;version_control:1,databases;programming,apis;oop;testing,2,Database Design and SQL,edX,databases,databases;sql,2,9.0,course,sql,paid,Relational modelling normalisation database design and SQL implementation.,,,
G183,data_scientist,Intermediate Data Scientist,data_cleaning:2;data_visualisation:1;machine_learning:1;model_evaluation:0;python:2;sql:2;statistics:2,data_cleaning;python;sql;statistics,machine_learning;model_evaluation,2,MLflow Experiment Tracking,DataCamp,model_evaluation,deployment;machine_learning;model_evaluation;python,3,5.0,course,machine_learning,paid,Track experiments parameters metrics and model artifacts for ML workflows.,,,
G184,data_analyst,Intermediate Data Analyst,dashboards:0;data_visualisation:1;excel:2;python:0;sql:1;statistics:1,excel;sql,dashboards;data_cleaning;python,1,Relational Databases for Beginners,freeCodeCamp,databases,databases;sql,1,8.0,tutorial,,free,Build database knowledge through relational modelling SQL tables and queries.,,,
G185,data_scientist,Beginner Data Scientist,data_cleaning:1;data_visualisation:1;machine_learning:0;model_evaluation:0;python:1;sql:1;statistics:0,python;sql,machine_learning;model_evaluation;statistics,1,Machine Learning Model Evaluation,DataCamp,model_evaluation,machine_learning;model_evaluation;statistics,2,4.0,course,machine_learning,paid,Focused resource on validation metrics cross-validation and model selection.,,,
G186,software_developer,Beginner Software Developer,apis:0;databases:0;oop:0;programming:1;testing:0;version_control:0,programming,apis;databases;oop;testing;version_control,1,Meta Back End Developer Foundations,Coursera,programming,apis;databases;programming;version_control,2,20.0,course,programming,paid,Backend developer pathway topics including version control APIs databases and server development.,,,
G187,ml_engineer,Advanced ML Engineer,apis:1;deployment:0;machine_learning:2;model_evaluation:1;python:2;version_control:1,apis;machine_learning;python,deployment;model_evaluation,3,MLflow Experiment Tracking,DataCamp,model_evaluation,deployment;machine_learning;model_evaluation;python,3,5.0,course,machine_learning,paid,Track experiments parameters metrics and model artifacts for ML workflows.,,,
G188,data_analyst,Beginner Data Analyst,data_cleaning:1;data_visualisation:0;excel:2;python:2;sql:0;statistics:1,excel;python,data_visualisation;sql;statistics,1,DataCamp Module Cleaning Data with pandas,DataCamp,data_cleaning,data_cleaning;python,2,3.0,module,python,paid,Focused module for cleaning missing values duplicates and inconsistent tabular data with pandas.,,,
G189,software_developer,Beginner Software Developer,apis:0;databases:0;oop:0;programming:1;testing:0;version_control:0,programming,apis;databases;oop;testing;version_control,1,Mini Project Version-Controlled CLI Tool,YouTube,project,programming;python;testing;version_control,1,3.0,project,python,free,Small project building a command-line tool with Git workflow and simple tests.,,,
G190,data_engineer,Beginner Data Engineer,apis:0;data_cleaning:1;databases:0;deployment:0;python:1;sql:1;version_control:0,python;sql,apis;data_cleaning;databases;deployment;version_control,1,Intro to Data Cleaning with OpenRefine,University Open Course,data_cleaning,data_cleaning,1,3.0,course,,free,Short open course on cleaning messy datasets and preparing data for analysis.,,,
G191,ml_engineer,Advanced ML Engineer,apis:1;deployment:0;machine_learning:2;model_evaluation:1;python:2;version_control:1,apis;machine_learning;python,deployment;model_evaluation,3,Docker for Machine Learning,YouTube,deployment,apis;deployment;machine_learning,3,4.0,video,machine_learning;python,free,Containerise machine learning applications for reproducible deployment.,,,
G192,software_developer,Intermediate Software Developer,apis:0;databases:1;oop:1;programming:2;testing:0;version_control:1,databases;programming,apis;oop;testing,2,REST API Development with Flask,YouTube,apis,apis;deployment;programming;python,2,4.0,tutorial,python,free,Build REST endpoints and simple backend services using Flask.,,,
G193,data_scientist,Beginner Data Scientist,data_cleaning:1;data_visualisation:1;machine_learning:0;model_evaluation:0;python:1;sql:1;statistics:0,python;sql,machine_learning;model_evaluation;statistics,1,Mini Project Analyse Sales Data with SQL,Coursera,project,data_cleaning;sql;statistics,1,3.0,project,sql,paid,Small analyst project using SQL to clean summarize and interpret sales data.,,,
G194,data_analyst,Beginner Data Analyst,data_cleaning:1;data_visualisation:0;excel:2;python:2;sql:0;statistics:1,excel;python,data_visualisation;sql;statistics,1,Data Cleaning in SQL and Python,University Open Course,data_cleaning,data_cleaning;python;sql,2,6.0,course,python;sql,free,Cleaning tabular data with SQL transformations and Python preprocessing scripts.,,,
G195,data_analyst,Advanced Data Analyst,dashboards:0;data_cleaning:0;data_visualisation:1;python:1;sql:1;statistics:0,python;sql,dashboards;data_cleaning;statistics,2,DataCamp Module Cleaning Data with pandas,DataCamp,data_cleaning,data_cleaning;python,2,3.0,module,python,paid,Focused module for cleaning missing values duplicates and inconsistent tabular data with pandas.,,,
G196,data_scientist,Beginner Data Scientist,data_cleaning:1;data_visualisation:1;machine_learning:0;model_evaluation:0;python:1;sql:1;statistics:0,python;sql,machine_learning;model_evaluation;statistics,1,DataCamp Module Cleaning Data with pandas,DataCamp,data_cleaning,data_cleaning;python,2,3.0,module,python,paid,Focused module for cleaning missing values duplicates and inconsistent tabular data with pandas.,,,
G197,data_scientist,Intermediate Data Scientist,data_cleaning:2;data_visualisation:1;machine_learning:1;model_evaluation:0;python:2;sql:2;statistics:2,data_cleaning;python;sql;statistics,machine_learning;model_evaluation,2,Unsupervised Learning in Python,DataCamp,machine_learning,machine_learning;model_evaluation;python,2,4.0,course,python;statistics,paid,Clustering dimensionality reduction and unsupervised pattern discovery in Python.,,,
G198,data_analyst,Beginner Data Analyst,data_cleaning:1;data_visualisation:0;excel:2;python:2;sql:0;statistics:1,excel;python,data_visualisation;sql;statistics,1,Data Visualisation with Tableau,edX,data_visualisation,dashboards;data_visualisation,1,5.0,course,,paid,Introductory dashboarding and data visualisation with Tableau.,,,
G199,data_analyst,Advanced Data Analyst,dashboards:0;data_cleaning:0;data_visualisation:1;python:1;sql:1;statistics:0,python;sql,dashboards;data_cleaning;statistics,2,SQL Joins and Aggregations,DataCamp,sql,databases;sql,1,3.0,course,sql,paid,Focused practice on SQL joins grouping filtering and aggregation.,,,
G200,ml_engineer,Intermediate ML Engineer,apis:0;deployment:0;machine_learning:1;model_evaluation:0;python:2;statistics:1,python;statistics,deployment;machine_learning;model_evaluation,2,Practical Feature Engineering,Kaggle Learn,machine_learning,data_cleaning;machine_learning;model_evaluation;python,2,4.0,tutorial,python;statistics,free,Hands-on feature engineering for improving machine learning model performance.,,,
G201,data_analyst,Intermediate Data Analyst,dashboards:0;data_visualisation:1;excel:2;python:0;sql:1;statistics:1,excel;sql,dashboards;data_cleaning;python,1,Pandas Data Cleaning Tutorial,YouTube,data_cleaning,data_cleaning;data_visualisation;python,2,3.0,video,python,free,Hands-on walkthrough for cleaning tabular data with pandas and simple plots.,,,
G202,ml_engineer,Intermediate ML Engineer,apis:0;deployment:0;machine_learning:1;model_evaluation:0;python:2;statistics:1,python;statistics,deployment;machine_learning;model_evaluation,2,MLOps Fundamentals,DataCamp,deployment,deployment;machine_learning;model_evaluation;python;version_control,3,7.0,course,machine_learning;python,paid,Operational machine learning concepts including model lifecycle tracking and monitoring.,,,
G203,data_analyst,Intermediate Data Analyst,dashboards:0;data_visualisation:1;excel:2;python:0;sql:1;statistics:1,excel;sql,dashboards;data_cleaning;python,1,DataCamp Module SQL Filtering and Sorting,DataCamp,sql,sql,1,2.0,module,sql,paid,Short module from a data analyst style path focused on filtering sorting and retrieving SQL data.,,,
G204,data_engineer,Intermediate Data Engineer,apis:1;data_cleaning:2;databases:2;deployment:0;programming:1;python:2;sql:2;version_control:1,data_cleaning;databases;python;sql,apis;deployment;version_control,2,SQL Joins and Aggregations,DataCamp,sql,databases;sql,1,3.0,course,sql,paid,Focused practice on SQL joins grouping filtering and aggregation.,,,
G205,data_scientist,Beginner Data Scientist,data_cleaning:1;data_visualisation:1;machine_learning:0;model_evaluation:0;python:1;sql:1;statistics:0,python;sql,machine_learning;model_evaluation;statistics,1,Intro to Data Cleaning with OpenRefine,University Open Course,data_cleaning,data_cleaning,1,3.0,course,,free,Short open course on cleaning messy datasets and preparing data for analysis.,,,
G206,ml_engineer,Intermediate ML Engineer,apis:0;deployment:0;machine_learning:1;model_evaluation:0;python:2;statistics:1,python;statistics,deployment;machine_learning;model_evaluation,2,Applied Recommender Systems,Coursera,recommender_systems,machine_learning;model_evaluation;python,3,8.0,course,machine_learning;python,paid,Implement and evaluate similarity-based and model-based recommender systems.,,,
G207,data_analyst,Advanced Data Analyst,dashboards:0;data_cleaning:0;data_visualisation:1;python:1;sql:1;statistics:0,python;sql,dashboards;data_cleaning;statistics,2,Mini Project Analyse Sales Data with SQL,Coursera,project,data_cleaning;sql;statistics,1,3.0,project,sql,paid,Small analyst project using SQL to clean summarize and interpret sales data.,,,
G208,ml_engineer,Advanced ML Engineer,apis:1;deployment:0;machine_learning:2;model_evaluation:1;python:2;version_control:1,apis;machine_learning;python,deployment;model_evaluation,3,Mini Project Customer Churn Model,Kaggle Learn,project,data_cleaning;machine_learning;model_evaluation;python,2,4.0,project,machine_learning;python,free,Practical ML project training and evaluating a churn prediction model.,,,
G209,data_engineer,Intermediate Data Engineer,apis:1;data_cleaning:2;databases:2;deployment:0;programming:1;python:2;sql:2;version_control:1,data_cleaning;databases;python;sql,apis;deployment;version_control,2,Relational Databases for Beginners,freeCodeCamp,databases,databases;sql,1,8.0,tutorial,,free,Build database knowledge through relational modelling SQL tables and queries.,,,
G210,data_scientist,Intermediate Data Scientist,data_cleaning:2;data_visualisation:1;machine_learning:1;model_evaluation:0;python:2;sql:2;statistics:2,data_cleaning;python;sql;statistics,machine_learning;model_evaluation,2,Practical Feature Engineering,Kaggle Learn,machine_learning,data_cleaning;machine_learning;model_evaluation;python,2,4.0,tutorial,python;statistics,free,Hands-on feature engineering for improving machine learning model performance.,,,
G211,data_analyst,Intermediate Data Analyst,dashboards:0;data_visualisation:1;excel:2;python:0;sql:1;statistics:1,excel;sql,dashboards;data_cleaning;python,1,DataCamp Module Tableau Dashboard Layouts,DataCamp,dashboards,dashboards;data_visualisation,1,2.0,module,,paid,Targeted dashboard module for creating readable Tableau dashboard layouts.,,,
G212,software_developer,Intermediate Software Developer,apis:0;databases:1;oop:1;programming:2;testing:0;version_control:1,databases;programming,apis;oop;testing,2,Database Clients and ORM Basics,Coursera,databases,apis;databases;programming;sql,2,6.0,course,programming;sql,paid,Access relational databases from applications using clients ORM concepts and queries.,,,
G213,data_scientist,Beginner Data Scientist,data_cleaning:1;data_visualisation:1;machine_learning:0;model_evaluation:0;python:1;sql:1;statistics:0,python;sql,machine_learning;model_evaluation;statistics,1,Statistics for Data Analytics,Khan Academy,statistics,statistics,1,6.0,course,,free,Core descriptive statistics probability sampling and interpretation for analytics.,,,
G214,software_developer,Beginner Software Developer,apis:0;databases:0;oop:0;programming:1;testing:0;version_control:0,programming,apis;databases;oop;testing;version_control,1,freeCodeCamp Module Git Basics,freeCodeCamp,version_control,version_control,1,2.0,module,,free,Specific version control module covering commits branches and repository workflow.,,,
G215,data_analyst,Beginner Data Analyst,data_cleaning:1;data_visualisation:0;excel:2;python:2;sql:0;statistics:1,excel;python,data_visualisation;sql;statistics,1,DataCamp Module SQL Filtering and Sorting,DataCamp,sql,sql,1,2.0,module,sql,paid,Short module from a data analyst style path focused on filtering sorting and retrieving SQL data.,,,
G216,data_scientist,Beginner Data Scientist,data_cleaning:1;data_visualisation:1;machine_learning:0;model_evaluation:0;python:1;sql:1;statistics:0,python;sql,machine_learning;model_evaluation;statistics,1,DataCamp Module Data Analyst Case Study,DataCamp,data_analysis,data_cleaning;data_visualisation;python;sql,2,4.0,module,python;sql,paid,Short case-study module applying SQL Python cleaning and visualisation to an analyst task.,,,
G217,data_scientist,Intermediate Data Scientist,data_cleaning:2;data_visualisation:1;machine_learning:1;model_evaluation:0;python:2;sql:2;statistics:2,data_cleaning;python;sql;statistics,machine_learning;model_evaluation,2,Python Data Science Handbook,University Open Course,python,data_visualisation;machine_learning;python;statistics,2,14.0,course,python,free,Broad Python data science material covering analysis visualisation and modelling.,,,
G218,data_analyst,Advanced Data Analyst,dashboards:0;data_cleaning:0;data_visualisation:1;python:1;sql:1;statistics:0,python;sql,dashboards;data_cleaning;statistics,2,Dashboard Design Principles,University Open Course,dashboards,dashboards;data_visualisation,1,2.0,course,,free,Design principles for readable dashboards charts and analytical communication.,,,
G219,data_engineer,Intermediate Data Engineer,apis:1;data_cleaning:2;databases:2;deployment:0;programming:1;python:2;sql:2;version_control:1,data_cleaning;databases;python;sql,apis;deployment;version_control,2,Git and GitHub Crash Course,freeCodeCamp,version_control,version_control,1,2.0,video,,free,Practical version control workflow using Git commits branches and GitHub.,,,
G220,data_engineer,Beginner Data Engineer,apis:0;data_cleaning:1;databases:0;deployment:0;python:1;sql:1;version_control:0,python;sql,apis;data_cleaning;databases;deployment;version_control,1,SQL Tutorial Full Database Course for Beginners,freeCodeCamp,sql,databases;sql,1,4.0,youtube,,free,Optional long-form YouTube explanation for learners who want a beginner-friendly SQL walkthrough.,,,
G221,data_engineer,Intermediate Data Engineer,apis:1;data_cleaning:2;databases:2;deployment:0;programming:1;python:2;sql:2;version_control:1,data_cleaning;databases;python;sql,apis;deployment;version_control,2,REST API Development with Flask,YouTube,apis,apis;deployment;programming;python,2,4.0,tutorial,python,free,Build REST endpoints and simple backend services using Flask.,,,
G222,data_analyst,Advanced Data Analyst,dashboards:0;data_cleaning:0;data_visualisation:1;python:1;sql:1;statistics:0,python;sql,dashboards;data_cleaning;statistics,2,Power BI Dashboard Basics,DataCamp,dashboards,dashboards;data_cleaning;data_visualisation,1,5.0,course,,paid,Beginner dashboarding resource using Power BI for business reporting.,,,
G223,data_scientist,Beginner Data Scientist,data_cleaning:1;data_visualisation:1;machine_learning:0;model_evaluation:0;python:1;sql:1;statistics:0,python;sql,machine_learning;model_evaluation;statistics,1,Mini Project Customer Churn Model,Kaggle Learn,project,data_cleaning;machine_learning;model_evaluation;python,2,4.0,project,machine_learning;python,free,Practical ML project training and evaluating a churn prediction model.,,,
G224,software_developer,Beginner Software Developer,apis:0;databases:0;oop:0;programming:1;testing:0;version_control:0,programming,apis;databases;oop;testing;version_control,1,Database Clients and ORM Basics,Coursera,databases,apis;databases;programming;sql,2,6.0,course,programming;sql,paid,Access relational databases from applications using clients ORM concepts and queries.,,,
G225,data_scientist,Intermediate Data Scientist,data_cleaning:2;data_visualisation:1;machine_learning:1;model_evaluation:0;python:2;sql:2;statistics:2,data_cleaning;python;sql;statistics,machine_learning;model_evaluation,2,Mini Project Customer Churn Model,Kaggle Learn,project,data_cleaning;machine_learning;model_evaluation;python,2,4.0,project,machine_learning;python,free,Practical ML project training and evaluating a churn prediction model.,,,
G226,ml_engineer,Intermediate ML Engineer,apis:0;deployment:0;machine_learning:1;model_evaluation:0;python:2;statistics:1,python;statistics,deployment;machine_learning;model_evaluation,2,DataCamp Module Supervised Learning Basics,DataCamp,machine_learning,machine_learning;model_evaluation;python,2,3.0,module,python;statistics,paid,Targeted module for supervised learning workflow and basic model evaluation.,,,
G227,data_scientist,Intermediate Data Scientist,data_cleaning:2;data_visualisation:1;machine_learning:1;model_evaluation:0;python:2;sql:2;statistics:2,data_cleaning;python;sql;statistics,machine_learning;model_evaluation,2,Machine Learning Model Evaluation,DataCamp,model_evaluation,machine_learning;model_evaluation;statistics,2,4.0,course,machine_learning,paid,Focused resource on validation metrics cross-validation and model selection.,,,
G228,software_developer,Intermediate Software Developer,apis:0;databases:1;oop:1;programming:2;testing:0;version_control:1,databases;programming,apis;oop;testing,2,Mini Project Version-Controlled CLI Tool,YouTube,project,programming;python;testing;version_control,1,3.0,project,python,free,Small project building a command-line tool with Git workflow and simple tests.,,,
G229,data_analyst,Intermediate Data Analyst,dashboards:0;data_visualisation:1;excel:2;python:0;sql:1;statistics:1,excel;sql,dashboards;data_cleaning;python,1,Dashboard Design Principles,University Open Course,dashboards,dashboards;data_visualisation,1,2.0,course,,free,Design principles for readable dashboards charts and analytical communication.,,,
G230,data_analyst,Beginner Data Analyst,data_cleaning:1;data_visualisation:0;excel:2;python:2;sql:0;statistics:1,excel;python,data_visualisation;sql;statistics,1,Power BI Dashboard Basics,DataCamp,dashboards,dashboards;data_cleaning;data_visualisation,1,5.0,course,,paid,Beginner dashboarding resource using Power BI for business reporting.,,,
G231,software_developer,Intermediate Software Developer,apis:0;databases:1;oop:1;programming:2;testing:0;version_control:1,databases;programming,apis;oop;testing,2,Python Software Development,DataCamp,programming,oop;programming;python;testing,2,6.0,course,python,paid,Develop maintainable Python programs using functions classes and testing practices.,,,
G232,data_analyst,Advanced Data Analyst,dashboards:0;data_cleaning:0;data_visualisation:1;python:1;sql:1;statistics:0,python;sql,dashboards;data_cleaning;statistics,2,Mini Project Build an Interactive Dashboard,DataCamp,project,dashboards;data_cleaning;data_visualisation,1,3.0,project,data_visualisation,paid,Small dashboard project for turning cleaned data into a simple business report.,,,
G233,software_developer,Intermediate Software Developer,apis:0;databases:1;oop:1;programming:2;testing:0;version_control:1,databases;programming,apis;oop;testing,2,Git and GitHub Crash Course,freeCodeCamp,version_control,version_control,1,2.0,video,,free,Practical version control workflow using Git commits branches and GitHub.,,,
G234,ml_engineer,Intermediate ML Engineer,apis:0;deployment:0;machine_learning:1;model_evaluation:0;python:2;statistics:1,python;statistics,deployment;machine_learning;model_evaluation,2,Mini Project Deploy a Prediction API,Coursera,project,apis;deployment;machine_learning;python,3,4.0,project,apis;machine_learning;python,paid,Small ML engineering project serving a trained model through an API.,,,
G235,ml_engineer,Advanced ML Engineer,apis:1;deployment:0;machine_learning:2;model_evaluation:1;python:2;version_control:1,apis;machine_learning;python,deployment;model_evaluation,3,Deploying Machine Learning APIs,Udemy,deployment,apis;deployment;machine_learning;python,3,8.0,course,apis;machine_learning;python,paid,Build and deploy machine learning prediction services with REST APIs.,,,
G236,data_analyst,Advanced Data Analyst,dashboards:0;data_cleaning:0;data_visualisation:1;python:1;sql:1;statistics:0,python;sql,dashboards;data_cleaning;statistics,2,DataCamp Module Statistical Thinking,DataCamp,statistics,statistics,1,3.0,module,,paid,Short statistics module covering distributions uncertainty and analytical reasoning.,,,
G237,software_developer,Beginner Software Developer,apis:0;databases:0;oop:0;programming:1;testing:0;version_control:0,programming,apis;databases;oop;testing;version_control,1,Git Branching and Collaboration,Atlassian,version_control,testing;version_control,2,3.0,tutorial,version_control,free,Team workflow with branches pull requests code review and release coordination.,,,
G238,data_scientist,Beginner Data Scientist,data_cleaning:1;data_visualisation:1;machine_learning:0;model_evaluation:0;python:1;sql:1;statistics:0,python;sql,machine_learning;model_evaluation;statistics,1,DataCamp Module Supervised Learning Basics,DataCamp,machine_learning,machine_learning;model_evaluation;python,2,3.0,module,python;statistics,paid,Targeted module for supervised learning workflow and basic model evaluation.,,,
G239,data_scientist,Beginner Data Scientist,data_cleaning:1;data_visualisation:1;machine_learning:0;model_evaluation:0;python:1;sql:1;statistics:0,python;sql,machine_learning;model_evaluation;statistics,1,StatQuest Precision Recall and ROC Curves,StatQuest,model_evaluation,machine_learning;model_evaluation;statistics,2,1.0,youtube,statistics,free,Optional explainer for classification metrics and model comparison concepts.,,,
G240,software_developer,Intermediate Software Developer,apis:0;databases:1;oop:1;programming:2;testing:0;version_control:1,databases;programming,apis;oop;testing,2,Object-Oriented Programming in Java,Coursera,oop,oop;programming,2,10.0,course,programming,paid,Programming course covering classes inheritance encapsulation and object-oriented design.,,,
G241,software_developer,Beginner Software Developer,apis:0;databases:0;oop:0;programming:1;testing:0;version_control:0,programming,apis;databases;oop;testing;version_control,1,freeCodeCamp Module API Routes,freeCodeCamp,apis,apis;programming,2,3.0,module,programming,free,Focused backend module for creating API routes and request handlers.,,,
G242,data_analyst,Beginner Data Analyst,data_cleaning:1;data_visualisation:0;excel:2;python:2;sql:0;statistics:1,excel;python,data_visualisation;sql;statistics,1,SQL Joins and Aggregations,DataCamp,sql,databases;sql,1,3.0,course,sql,paid,Focused practice on SQL joins grouping filtering and aggregation.,,,
G243,software_developer,Intermediate Software Developer,apis:0;databases:1;oop:1;programming:2;testing:0;version_control:1,databases;programming,apis;oop;testing,2,Build a REST API Project,YouTube,apis,apis;databases;programming;testing,2,5.0,project,programming,free,Project-based backend API with routes validation persistence and tests.,,,
G244,data_analyst,Intermediate Data Analyst,dashboards:0;data_visualisation:1;excel:2;python:0;sql:1;statistics:1,excel;sql,dashboards;data_cleaning;python,1,Google Data Analytics Foundations,Coursera,data_analytics,data_cleaning;data_visualisation;excel;sql,1,10.0,course,,paid,Foundation course for data analysis process spreadsheets SQL and visual communication.,,,
G245,data_analyst,Advanced Data Analyst,dashboards:0;data_cleaning:0;data_visualisation:1;python:1;sql:1;statistics:0,python;sql,dashboards;data_cleaning;statistics,2,DataCamp Module Tableau Dashboard Layouts,DataCamp,dashboards,dashboards;data_visualisation,1,2.0,module,,paid,Targeted dashboard module for creating readable Tableau dashboard layouts.,,,
G246,data_engineer,Beginner Data Engineer,apis:0;data_cleaning:1;databases:0;deployment:0;python:1;sql:1;version_control:0,python;sql,apis;data_cleaning;databases;deployment;version_control,1,Meta Back End Developer Foundations,Coursera,programming,apis;databases;programming;version_control,2,20.0,course,programming,paid,Backend developer pathway topics including version control APIs databases and server development.,,,
G247,data_engineer,Beginner Data Engineer,apis:0;data_cleaning:1;databases:0;deployment:0;python:1;sql:1;version_control:0,python;sql,apis;data_cleaning;databases;deployment;version_control,1,Data Cleaning in SQL and Python,University Open Course,data_cleaning,data_cleaning;python;sql,2,6.0,course,python;sql,free,Cleaning tabular data with SQL transformations and Python preprocessing scripts.,,,
G248,software_developer,Beginner Software Developer,apis:0;databases:0;oop:0;programming:1;testing:0;version_control:0,programming,apis;databases;oop;testing;version_control,1,Python Basics for Everybody,freeCodeCamp,python,programming;python,1,7.0,tutorial,,free,Beginner programming tutorial introducing Python syntax functions and basic problem solving.,,,
G249,data_scientist,Intermediate Data Scientist,data_cleaning:2;data_visualisation:1;machine_learning:1;model_evaluation:0;python:2;sql:2;statistics:2,data_cleaning;python;sql;statistics,machine_learning;model_evaluation,2,Applied Machine Learning in Python,Coursera,machine_learning,machine_learning;model_evaluation;python,2,12.0,course,python;statistics,paid,Supervised learning workflows with model training validation and evaluation in Python.,,,
G250,data_engineer,Intermediate Data Engineer,apis:1;data_cleaning:2;databases:2;deployment:0;programming:1;python:2;sql:2;version_control:1,data_cleaning;databases;python;sql,apis;deployment;version_control,2,Mini Project Deploy a Prediction API,Coursera,project,apis;deployment;machine_learning;python,3,4.0,project,apis;machine_learning;python,paid,Small ML engineering project serving a trained model through an API.,,,
G251,data_scientist,Beginner Data Scientist,data_cleaning:1;data_visualisation:1;machine_learning:0;model_evaluation:0;python:1;sql:1;statistics:0,python;sql,machine_learning;model_evaluation;statistics,1,Practical Feature Engineering,Kaggle Learn,machine_learning,data_cleaning;machine_learning;model_evaluation;python,2,4.0,tutorial,python;statistics,free,Hands-on feature engineering for improving machine learning model performance.,,,
G252,data_engineer,Beginner Data Engineer,apis:0;data_cleaning:1;databases:0;deployment:0;python:1;sql:1;version_control:0,python;sql,apis;data_cleaning;databases;deployment;version_control,1,DataCamp Module Cleaning Data with pandas,DataCamp,data_cleaning,data_cleaning;python,2,3.0,module,python,paid,Focused module for cleaning missing values duplicates and inconsistent tabular data with pandas.,,,
G253,data_engineer,Intermediate Data Engineer,apis:1;data_cleaning:2;databases:2;deployment:0;programming:1;python:2;sql:2;version_control:1,data_cleaning;databases;python;sql,apis;deployment;version_control,2,SQL Tutorial Full Database Course for Beginners,freeCodeCamp,sql,databases;sql,1,4.0,youtube,,free,Optional long-form YouTube explanation for learners who want a beginner-friendly SQL walkthrough.,,,
G254,data_scientist,Intermediate Data Scientist,data_cleaning:2;data_visualisation:1;machine_learning:1;model_evaluation:0;python:2;sql:2;statistics:2,data_cleaning;python;sql;statistics,machine_learning;model_evaluation,2,Applied Recommender Systems,Coursera,recommender_systems,machine_learning;model_evaluation;python,3,8.0,course,machine_learning;python,paid,Implement and evaluate similarity-based and model-based recommender systems.,,,
G255,data_engineer,Beginner Data Engineer,apis:0;data_cleaning:1;databases:0;deployment:0;python:1;sql:1;version_control:0,python;sql,apis;data_cleaning;databases;deployment;version_control,1,Mini Project Version-Controlled CLI Tool,YouTube,project,programming;python;testing;version_control,1,3.0,project,python,free,Small project building a command-line tool with Git workflow and simple tests.,,,
G256,data_scientist,Beginner Data Scientist,data_cleaning:1;data_visualisation:1;machine_learning:0;model_evaluation:0;python:1;sql:1;statistics:0,python;sql,machine_learning;model_evaluation;statistics,1,Python Basics for Everybody,freeCodeCamp,python,programming;python,1,7.0,tutorial,,free,Beginner programming tutorial introducing Python syntax functions and basic problem solving.,,,
G257,ml_engineer,Intermediate ML Engineer,apis:0;deployment:0;machine_learning:1;model_evaluation:0;python:2;statistics:1,python;statistics,deployment;machine_learning;model_evaluation,2,Model Monitoring and Drift,University Open Course,model_evaluation,deployment;machine_learning;model_evaluation,3,5.0,course,machine_learning,free,Monitor deployed models and detect performance changes and data drift.,,,
G258,ml_engineer,Intermediate ML Engineer,apis:0;deployment:0;machine_learning:1;model_evaluation:0;python:2;statistics:1,python;statistics,deployment;machine_learning;model_evaluation,2,Deploying Machine Learning APIs,Udemy,deployment,apis;deployment;machine_learning;python,3,8.0,course,apis;machine_learning;python,paid,Build and deploy machine learning prediction services with REST APIs.,,,
