grading_item_id,profile_id,resource_id
G001,P003,R074
G002,P002,R037
G003,P011,R048
G004,P008,R001
G005,P006,R013
G006,P011,R040
G007,P001,R003
G008,P001,R001
G009,P006,R046
G010,P004,R004
G011,P008,R030
G012,P008,R080
G013,P010,R070
G014,P007,R001
G015,P006,R073
G016,P008,R061
G017,P002,R069
G018,P009,R038
G019,P008,R029
G020,P011,R011
G021,P002,R068
G022,P007,R061
G023,P009,R066
G024,P007,R035
G025,P003,R050
G026,P003,R070
G027,P010,R077
G028,P001,R075
G029,P007,R025
G030,P005,R045
G031,P004,R032
G032,P008,R002
G033,P011,R049
G034,P010,R034
G035,P009,R044
G036,P003,R052
G037,P001,R029
G038,P003,R053
G039,P010,R062
G040,P001,R032
G041,P003,R048
G042,P004,R033
G043,P010,R087
G044,P002,R008
G045,P011,R095
G046,P007,R003
G047,P001,R021
G048,P011,R058
G049,P010,R012
G050,P010,R071
G051,P003,R056
G052,P007,R006
G053,P008,R035
G054,P004,R063
G055,P001,R006
G056,P009,R011
G057,P002,R044
G058,P001,R024
G059,P009,R088
G060,P001,R092
G061,P011,R055
G062,P005,R043
G063,P010,R027
G064,P007,R033
G065,P008,R033
G066,P009,R039
G067,P009,R080
G068,P010,R050
G069,P004,R029
G070,P004,R003
G071,P004,R092
G072,P007,R062
G073,P004,R027
G074,P011,R063
G075,P002,R067
G076,P006,R072
G077,P001,R064
G078,P002,R041
G079,P001,R065
G080,P010,R058
G081,P011,R038
G082,P003,R051
G083,P010,R061
G084,P009,R029
G085,P004,R028
G086,P002,R010
G087,P001,R025
G088,P011,R002
G089,P003,R072
G090,P001,R002
G091,P003,R049
G092,P006,R057
G093,P009,R042
G094,P002,R043
G095,P003,R022
G096,P009,R081
G097,P005,R060
G098,P007,R032
G099,P008,R044
G100,P011,R057
G101,P011,R062
G102,P002,R045
G103,P004,R001
G104,P011,R070
G105,P004,R062
G106,P007,R026
G107,P011,R050
G108,P008,R008
G109,P007,R021
G110,P001,R007
G111,P010,R001
G112,P003,R016
G113,P011,R069
G114,P008,R067
G115,P005,R068
G116,P007,R029
G117,P008,R065
G118,P006,R022
G119,P005,R058
G120,P006,R050
G121,P001,R062
G122,P010,R015
G123,P002,R036
G124,P001,R017
G125,P003,R071
G126,P004,R017
G127,P006,R052
G128,P011,R087
G129,P006,R012
G130,P005,R044
G131,P009,R069
G132,P009,R068
G133,P011,R033
G134,P006,R095
G135,P010,R005
G136,P005,R067
G137,P002,R038
G138,P011,R096
G139,P003,R054
G140,P007,R002
G141,P004,R021
G142,P003,R095
G143,P001,R031
G144,P011,R072
G145,P008,R006
G146,P004,R026
G147,P008,R017
G148,P007,R075
G149,P010,R002
G150,P005,R069
G151,P006,R056
G152,P002,R093
G153,P011,R043
G154,P004,R091
G155,P009,R067
G156,P010,R048
G157,P005,R039
G158,P006,R034
G159,P006,R074
G160,P011,R015
G161,P011,R089
G162,P008,R036
G163,P003,R073
G164,P005,R094
G165,P010,R055
G166,P005,R038
G167,P007,R031
G168,P010,R089
G169,P010,R072
G170,P005,R042
G171,P006,R014
G172,P002,R009
G173,P007,R007
G174,P007,R017
G175,P011,R071
G176,P010,R095
G177,P001,R091
G178,P006,R016
G179,P009,R036
G180,P004,R075
G181,P009,R094
G182,P003,R015
G183,P009,R041
G184,P004,R034
G185,P008,R009
G186,P006,R049
G187,P005,R041
G188,P001,R063
G189,P006,R096
G190,P010,R021
G191,P005,R040
G192,P003,R014
G193,P008,R091
G194,P001,R033
G195,P007,R063
G196,P008,R063
G197,P009,R037
G198,P001,R004
G199,P007,R027
G200,P002,R023
G201,P004,R006
G202,P002,R039
G203,P004,R061
G204,P011,R027
G205,P008,R021
G206,P002,R060
G207,P007,R091
G208,P005,R093
G209,P011,R034
G210,P009,R023
G211,P004,R064
G212,P003,R055
G213,P008,R007
G214,P006,R070
G215,P001,R061
G216,P008,R075
G217,P009,R035
G218,P007,R024
G219,P011,R012
G220,P010,R076
G221,P011,R014
G222,P007,R028
G223,P008,R093
G224,P006,R055
G225,P009,R093
G226,P002,R066
G227,P009,R009
G228,P003,R096
G229,P004,R024
G230,P001,R028
G231,P003,R046
G232,P007,R092
G233,P003,R012
G234,P002,R094
G235,P005,R011
G236,P007,R065
G237,P006,R053
G238,P008,R066
G239,P008,R081
G240,P003,R013
G241,P006,R071
G242,P001,R027
G243,P003,R057
G244,P004,R025
G245,P007,R064
G246,P010,R049
G247,P010,R033
G248,P006,R005
G249,P009,R008
G250,P011,R094
G251,P008,R023
G252,P010,R063
G253,P011,R076
G254,P009,R060
G255,P010,R096
G256,P008,R005
G257,P002,R042
G258,P002,R011
